event_id,title,category,start_local,attendance,in_london,family_event,top_archetypes,lineup_size,brands,products,lineup_match,best_single_product,best_single_match
3Jyn4fRsEkXf3Ba9SQ,Crossover Service,concerts,2026-12-31 21:00:00,81.0,True,False,experience_explorer|trend_enthusiast|impulse_buyer,3,Fever-Tree|Navas|Lowrise,Refreshingly Light Elderflower Tonic Water|Fiery Ginger Beer|Lager,0.616,Refreshingly Light Elderflower Tonic Water,0.675
gDLK5ug4Ziq8cFfxHL,New Year's Eve Celebration 2026,concerts,2026-12-31 21:00:00,144.0,False,False,trend_enthusiast|experience_explorer|everyday_planner,4,Fever-Tree|Lowrise|Folc|Saucerer,Refreshingly Light Elderflower Tonic Water|Lager|Dry English Rosé|Pasta Sauce — Wild Mushroom & Truffle,0.563,Refreshingly Light Elderflower Tonic Water,0.6
7b8E7AQgCweNjFVt8a,Forge Comedy Club New Years Eve Special,performing-arts,2026-12-31 20:00:00,147.0,False,False,experience_explorer|quality_seeker|everyday_planner,4,Folc|Double Dutch|Fever-Tree|Ottolenghi,Dry English Rosé|Indian Tonic Water|Refreshingly Light Elderflower Tonic Water|Miso Pesto,0.74,Dry English Rosé,0.785
8XtwTCsUgQz3PDsMdR,Hogmanay ceilidh,performing-arts,2026-12-31 19:00:00,129.0,False,False,experience_explorer|quality_seeker|trend_enthusiast,4,Double Dutch|Folc|Fever-Tree|Navas,Indian Tonic Water|Dry English Rosé|Refreshingly Light Elderflower Tonic Water|Original Tonic Water,0.765,Indian Tonic Water,0.787
8sUquxZwjc4zN2nw6z,Frank Sinatra Tribute - New Year's Eve Celebration,community,2026-12-31 19:00:00,100.0,False,False,experience_explorer|conscious_consumer|everyday_planner,4,SUCSEED|Folc|Ottolenghi|EP!C Snax Co.,Energy|Dry English Rosé|Miso Pesto|Plant Power Toastin’ Marshmallows,0.557,Energy,0.681
Ce8dfnXeUs5irJgCim,"Whitney Houston Tribute Night - Shirley, Solihull",community,2026-12-31 19:00:00,100.0,False,False,experience_explorer|trend_enthusiast|impulse_buyer,4,Fever-Tree|Lowrise|Navas|Pentire,Refreshingly Light Elderflower Tonic Water|Lager|Fiery Ginger Beer|Adrift,0.55,Refreshingly Light Elderflower Tonic Water,0.606
PnfMdhNHZxFX9emZhA,Neon Nights and New Year Lights,festivals,2026-12-31 19:00:00,174.0,False,False,thoughtful_buyer|experience_explorer|trend_enthusiast,5,Fever-Tree|The Original Chicken Crackling|Lowrise|EP!C Snax Co.|JimJams,Refreshingly Light Elderflower Tonic Water|Chicken Salt|Lager|Plant Power Toastin’ Marshmallows|Hazelnut Chocolate Spread,0.551,Refreshingly Light Elderflower Tonic Water,0.706
YShrZnmVUMEoA6U2nG,NYE - Charlies Loft + Simple Minded / Deacon Blues + DJ,concerts,2026-12-31 19:00:00,192.0,False,False,trend_enthusiast|experience_explorer|impulse_buyer,5,Navas|Love Hemp|The Protein Ball Co.|Fever-Tree|Pentire,Fiery Ginger Beer|Sours Calm — Sour Orange CBD Gummies|Stuffed — Matcha & Vanilla|Refreshingly Light Elderflower Tonic Water|Adrift,0.626,Fiery Ginger Beer,0.673
7uBS8NKp8gExokUz3w,80's V 90's NEW YEARS EVE PARTY,community,2026-12-31 18:45:00,100.0,False,False,experience_explorer|wellness_seeker|conscious_consumer,4,SUCSEED|Fever-Tree|Lowrise|The Original Chicken Crackling,Energy|Refreshingly Light Elderflower Tonic Water|Lager|Chicken Salt,0.533,Energy,0.566
Bv2BQKFxSyyw8Mk8mL,Waiting List for Walk The Big One for Shelter 2026,community,2026-12-31 18:00:00,100.0,False,False,experience_explorer|conscious_consumer|everyday_planner,4,SUCSEED|Folc|Ottolenghi|EP!C Snax Co.,Energy|Dry English Rosé|Miso Pesto|Plant Power Toastin’ Marshmallows,0.557,Energy,0.681
HUyAGY6ozjfMzG72Q2,New Years Eve Moonlight Sonata by Candlelight,concerts,2026-12-31 16:00:00,117.0,True,False,experience_explorer|trend_enthusiast|impulse_buyer,4,Fever-Tree|Navas|Lowrise|Pentire,Refreshingly Light Elderflower Tonic Water|Fiery Ginger Beer|Lager|Adrift,0.607,Refreshingly Light Elderflower Tonic Water,0.675
DeY7oMJ4B4L95QhJXd,"Viennese Christmas Spectacular by Candlelight - 31st Dec, Liverpool",performing-arts,2026-12-31 15:00:00,151.0,False,False,experience_explorer|everyday_planner|quality_seeker,5,Folc|Ottolenghi|Lowrise|Fever-Tree|Saucerer,Dry English Rosé|Miso Pesto|Lager|Refreshingly Light Elderflower Tonic Water|Pasta Sauce — Wild Mushroom & Truffle,0.663,Dry English Rosé,0.751
7YRdmoXK3b6RZXLKnD,UB40 / Reggae Tribute Night - Longbridge,community,2026-12-31 10:00:00,100.0,False,False,experience_explorer|trend_enthusiast|impulse_buyer,4,Fever-Tree|Lowrise|Navas|Pentire,Refreshingly Light Elderflower Tonic Water|Lager|Fiery Ginger Beer|Adrift,0.55,Refreshingly Light Elderflower Tonic Water,0.606
FvqmmDfNzyDbZMbchz,Nutcracker Suite and Rachmaninov  at Christmas by Candlelight,concerts,2026-12-30 19:30:00,199.0,False,False,experience_explorer|trend_enthusiast|impulse_buyer,5,Fever-Tree|Navas|Lowrise|Pentire|Love Hemp,Refreshingly Light Elderflower Tonic Water|Fiery Ginger Beer|Lager|Adrift|Sours Calm — Sour Orange CBD Gummies,0.588,Refreshingly Light Elderflower Tonic Water,0.675
FBvn8Sq6rYA8Y8Qk5J,Rumble Wrestling comes to Ditton for a Christmas Cracker,concerts,2026-12-30 15:00:00,96.0,False,True,everyday_planner|experience_explorer|trend_enthusiast,3,Saucerer|JimJams|SUCSEED,Pasta Sauce — Wild Mushroom & Truffle|Hazelnut Chocolate Spread|Energy,0.626,Pasta Sauce — Wild Mushroom & Truffle,0.659
GmgS5GRZZiMvHAKCCX,Aladdin: Brighton's Family Pantomime,performing-arts,2026-12-30 14:00:00,118.0,False,True,everyday_planner|experience_explorer|quality_seeker,4,Saucerer|Ottolenghi|JimJams|SUCSEED,Pasta Sauce — Wild Mushroom & Truffle|Miso Pesto|Hazelnut Chocolate Spread|Energy,0.72,Pasta Sauce — Wild Mushroom & Truffle,0.748
8y98VJEiLydu4UJfay,The Tumbling Paddies,concerts,2026-12-29 21:00:00,136.0,False,False,experience_explorer|trend_enthusiast|impulse_buyer,4,Fever-Tree|Navas|Lowrise|Pentire,Refreshingly Light Elderflower Tonic Water|Fiery Ginger Beer|Lager|Adrift,0.607,Refreshingly Light Elderflower Tonic Water,0.675
McApyzwnty9obfDeeA,The Soda Popz Christmas Concert,concerts,2026-12-29 20:00:00,106.0,False,False,experience_explorer|impulse_buyer|trend_enthusiast,4,Fever-Tree|Lowrise|The Original Chicken Crackling|EP!C Snax Co.,Refreshingly Light Elderflower Tonic Water|Lager|Chicken Salt|Plant Power Toastin’ Marshmallows,0.647,Refreshingly Light Elderflower Tonic Water,0.75
9H5DyuTRyUicsxzHXv,Aladdin: Adult Only Show,performing-arts,2026-12-29 19:00:00,118.0,False,False,everyday_planner|experience_explorer|quality_seeker,4,Folc|Ottolenghi|Saucerer|Lowrise,Dry English Rosé|Miso Pesto|Pasta Sauce — Wild Mushroom & Truffle|Lager,0.691,Dry English Rosé,0.726
5gakuEkePgcv2CACyn,Aladdin: Brighton's Family Pantomime,performing-arts,2026-12-29 14:00:00,118.0,False,True,everyday_planner|experience_explorer|quality_seeker,4,Saucerer|Ottolenghi|JimJams|SUCSEED,Pasta Sauce — Wild Mushroom & Truffle|Miso Pesto|Hazelnut Chocolate Spread|Energy,0.72,Pasta Sauce — Wild Mushroom & Truffle,0.748
8zybkPQ3TSLkCED6ws,✨ Cilla & The Sixties Christmas Show ✨,concerts,2026-12-29 13:00:00,170.0,False,False,experience_explorer|trend_enthusiast|impulse_buyer,5,Fever-Tree|Navas|Lowrise|Pentire|Love Hemp,Refreshingly Light Elderflower Tonic Water|Fiery Ginger Beer|Lager|Adrift|Sours Calm — Sour Orange CBD Gummies,0.588,Refreshingly Light Elderflower Tonic Water,0.675
5mbYMJN2N9XzYHkunP,Aladdin Pantomime At The Grand Leicester,performing-arts,2026-12-29 12:30:00,143.0,False,True,everyday_planner|experience_explorer|quality_seeker,4,Ottolenghi|Saucerer|SUCSEED|Dr. Will’s,Miso Pesto|Pasta Sauce — Wild Mushroom & Truffle|Energy|Buffalo Hot Sauce,0.655,Dry English Rosé,0.732
