term,health_consciousness,novelty_seeking,social_influence,price_sensitivity,quality_orientation,convenience_orientation,impulsivity,experience_seeking,planning_orientation,sustainability_orientation
Gluten-free shoppers,0.7,,,,,,,,0.7,
Savoury snackers,,,,,,0.7,0.75,,,
Plant-based shoppers,0.75,,,,,,,,,0.9
Sugar-conscious shoppers,0.9,,,,,,0.25,,0.7,
Mindful snackers,0.85,,,,,,0.25,,0.7,
Sweet treat seekers,0.4,,,,,,0.9,,,
Functional wellness shoppers,0.9,0.65,,,,,,,,
Home cooks,,,,,0.7,0.35,,,0.85,
Cocktail enthusiasts,,,0.8,0.3,0.7,,,0.85,,
Protein seekers,0.85,,,,,0.7,,,,
Fibre seekers,0.85,,,,,,,,0.7,
Eco-conscious shoppers,,,,,,,,,,0.95
Organic shoppers,,,,0.3,0.8,,,,,0.85
Calorie-conscious shoppers,0.85,,,,,,,,0.7,
Focus-oriented shoppers,,0.6,,,,0.8,,,,
Ethical shoppers,,,,,,,,,0.7,0.95
Meat snackers,,,,,,0.7,0.7,,,
Tea drinkers,0.65,,,,,,,,0.7,
Fruit-drink explorers,,0.8,,,,,,0.75,,
Food explorers,,0.9,,,0.7,,,0.95,,
Spice lovers,,0.85,,,,,,0.8,,
Outdoor socialisers,,,0.85,,,,,0.8,,
Caffeine reducers,0.8,,,,,,,,0.65,
Adult beer drinkers,,,0.75,,,,0.6,,,
Alcohol-free socialisers,0.75,,0.8,,,,,,,
Botanical drink explorers,,0.85,,,0.8,,,,,
Citrus flavour seekers,,0.65,,,,,,0.6,,
Adult CBD shoppers,0.7,0.8,,,,,,,,
Free-from shoppers,0.7,,,,,,,,0.85,
Wind-down ritual shoppers,0.75,,,,,,,,0.75,
Adult wine drinkers,,,,0.3,0.85,,,0.7,,
Fruit snackers,0.7,,,,,0.65,,,,
Ingredient-conscious shoppers,0.75,,,,0.75,,,,0.85,
Coffee-alternative shoppers,0.75,0.7,,,,,,,,
Refreshment seekers,,,,,,0.8,0.6,,,
Matcha flavour fans,,0.9,0.8,,,,,,,
Carb-conscious shoppers,0.85,,,,,,,,0.75,
On-the-go shoppers,,,,,,0.95,,,,
Coffee drinkers,,,,,,0.85,,,0.6,
Fitness-oriented shoppers,0.95,,,,,,,,,
Community-minded shoppers,,,0.65,,,,,,,0.8
Nut snackers,0.7,,,,0.65,,,,,
Floral flavour seekers,,0.8,,,0.75,,,,,
Gift shoppers,,,,0.25,0.9,,,0.65,,
Adult spirits drinkers,,,,0.3,0.85,,,0.75,,
Energy-drink shoppers,,,0.7,,,0.8,0.7,,,
Chocolate enthusiasts,,,,,0.75,,0.7,,,
