brand_id,brand_name,category,sheet_category,sub_category,description,n_products,products,need_hydrate,need_recover,need_energy,need_focus,need_discovery,need_sharing,need_treat,need_value,arch_wellness_seeker,arch_trend_enthusiast,arch_thoughtful_buyer,arch_smart_saver,arch_quality_seeker,arch_on_the_go_shopper,arch_impulse_buyer,arch_experience_explorer,arch_everyday_planner,arch_conscious_consumer,target_wellness_seeker,target_trend_enthusiast,target_thoughtful_buyer,target_smart_saver,target_quality_seeker,target_on_the_go_shopper,target_impulse_buyer,target_experience_explorer,target_everyday_planner,target_conscious_consumer,event_community,event_concerts,event_conferences,event_expos,event_festivals,event_performing_arts,event_sports,best_event_type,needs_chilling,frozen,vegan,gluten_free,adults_only,favourite_five,units_available_per_month
B01,All That Matters,savoury,Snacks,Grain puffs,Superfood Puffs — Peri-Peri,1,Superfood Puffs — Peri-Peri,0.0,0.0,0.8,0.0,0.3,0.6,0.9,0.3,1.0,0.0,0.569,0.133,0.0,0.293,0.694,0.533,0.0,0.0,1,0,1,0,0,0,1,0,0,0,0.234,0.365,0.286,0.313,0.37,0.338,0.554,sports,0,0,0,1,0,0,1600
B02,Simply Roasted,savoury,Snacks,Potato crisps,Black Truffle Potato Crisps,5,Black Truffle Potato Crisps|Sour Cream & Chive Potato Crisps|Barbecue Potato Crisps|Hot Honey Potato Crisps|Sea Salt Potato Crisps,0.0,0.0,0.6,0.0,0.3,0.76,0.74,0.18,1.0,0.0,0.565,0.149,0.819,0.327,0.463,0.0,0.0,0.261,1,0,1,0,1,0,0,0,0,0,0.188,0.224,0.491,0.363,0.245,0.36,0.441,conferences,0,0,1,1,0,1,700
B03,The Protein Ball Co.,functional,Snacks,Protein balls,Salted Caramel Protein Balls,3,Salted Caramel Protein Balls|Original Peanut Butter Protein Balls|Stuffed — Matcha & Vanilla,0.0,0.933,0.933,0.0,0.0,0.0,0.8,0.0,0.988,0.333,0.48,0.0,0.0,0.295,0.465,0.0,0.0,0.427,1,0,1,0,0,0,1,0,0,0,0.304,0.429,0.291,0.341,0.406,0.112,0.421,concerts,0,0,1,1,0,1,1800
B04,Well & Truly,savoury,Snacks,Cheese crackers,Thins — Rich Cheddar & Gouda with a Hint of Jalapeño,6,Thins — Rich Cheddar & Gouda with a Hint of Jalapeño|Crunchies — Smokey Paprika|Crunchies — Really Cheesy|Crunchies — Smokey Bacon|Crunchies — Sea Salt & Cider Vinegar|Fudge & Brownie Oat M&lk Chocolate,0.0,0.0,0.25,0.0,0.25,0.55,0.583,0.0,0.859,0.0,0.67,0.124,0.193,0.299,0.501,0.11,0.191,0.331,1,0,1,0,0,0,1,0,0,0,0.41,0.3,0.591,0.404,0.31,0.302,0.561,conferences,0,0,1,1,0,1,900
B05,INDI,savoury,Snacks,Functional snack bar,Brain Bar,1,Brain Bar,0.0,0.0,1.0,1.0,0.0,0.0,0.4,0.3,0.967,0.189,0.381,0.0,0.0,0.354,0.109,0.0,0.189,1.0,1,0,1,0,0,0,0,0,0,1,0.384,0.162,0.252,0.209,0.182,0.097,0.412,sports,0,0,1,1,0,0,1500
B06,Kooky,sweet,Snacks,Dried fruit,Gently Dried Chewy Mango,1,Gently Dried Chewy Mango,0.2,0.0,0.8,0.0,0.0,0.0,1.0,0.0,0.54,0.0,1.0,0.17,0.645,0.128,0.571,0.0,0.223,0.773,0,0,1,0,1,0,0,0,0,1,0.355,0.211,0.613,0.417,0.219,0.283,0.282,conferences,0,0,0,0,0,0,1200
B07,Helen Browning’s Organic,condiment,Pantry,Preserved meat,Organic Corned Beef,1,Organic Corned Beef,0.0,0.0,0.8,0.0,0.0,0.3,0.0,1.0,0.232,0.0,0.11,0.0,0.474,0.696,0.232,0.19,0.611,1.0,0,0,0,0,0,1,0,0,1,1,0.517,0.189,0.335,0.221,0.239,0.303,0.331,community,0,0,0,1,0,0,700
B08,Dr. Will’s,condiment,Pantry,Mayonnaise,Avocado Oil Mayo,2,Avocado Oil Mayo|Buffalo Hot Sauce,0.0,0.0,0.0,0.0,1.0,0.4,0.0,0.4,0.224,0.121,0.962,0.0,0.557,0.0,0.0,0.484,0.888,0.0,0,0,1,0,1,0,0,0,1,0,0.447,0.378,0.718,0.538,0.344,0.54,0.3,conferences,0,0,1,1,0,0,2000
B09,EP!C Snax Co.,sweet,Confectionery,Marshmallows,Plant Power Toastin’ Marshmallows,2,Plant Power Toastin’ Marshmallows|Giant Toastin’ Marshmallows,0.0,0.0,0.0,0.0,0.0,1.0,1.0,0.0,0.136,0.0,0.416,0.0,0.0,0.0,1.0,0.636,0.0,0.5,0,0,0,0,0,0,1,1,0,1,0.514,0.449,0.376,0.391,0.426,0.389,0.343,community,0,0,1,1,0,0,1400
B10,ötzibrew,drink,Pantry,Coffee alternative,Organic Dandelion & Burdock Root Coffee Alternative,1,Organic Dandelion & Burdock Root Coffee Alternative,0.0,0.3,0.4,0.8,0.4,0.0,0.4,0.0,0.452,0.251,0.119,0.0,0.368,0.0,0.0,0.0,0.164,1.0,1,0,0,0,1,0,0,0,0,1,0.351,0.133,0.211,0.19,0.121,0.163,0.187,community,0,0,0,0,0,0,800
B11,OOM,drink,Drinks,Functional sparkling drink,Balance,2,Balance|Calm,1.0,0.55,0.0,0.2,0.15,0.0,0.45,0.0,1.0,0.27,0.168,0.0,0.0,0.079,0.0,0.168,0.086,0.227,1,1,0,0,0,0,0,0,0,1,0.216,0.239,0.185,0.252,0.223,0.225,0.439,sports,1,0,1,1,0,0,2000
B12,ChariTea,drink,Drinks,Sparkling yerba mate tea,Mate Sparkling,1,Mate Sparkling,1.0,0.3,0.0,0.3,0.0,0.0,0.6,0.0,0.388,0.087,0.41,0.0,0.268,0.087,0.0,0.0,0.958,1.0,0,0,1,0,0,0,0,0,1,1,0.531,0.111,0.438,0.227,0.114,0.157,0.205,community,1,0,0,0,0,0,1800
B13,mindfuel flow,drink,Drinks,Functional iced latte,Mushroom Iced Latte — Salted Caramel,1,Mushroom Iced Latte — Salted Caramel,1.0,0.0,0.9,1.0,0.4,0.0,0.3,0.0,1.0,0.763,0.669,0.0,0.0,0.303,0.434,0.0,0.0,0.896,1,1,0,0,0,0,0,0,0,1,0.352,0.393,0.346,0.402,0.38,0.129,0.444,sports,1,0,1,0,0,0,600
B14,Lowrise,drink,Alcoholic drinks,Beer,Lager,2,Lager|Hazy Pale,0.0,0.0,0.0,0.0,0.0,1.0,0.5,0.0,1.0,0.262,0.555,0.0,0.0,0.0,0.765,0.845,0.834,0.0,1,0,0,0,0,0,0,1,1,0,0.51,0.561,0.451,0.44,0.52,0.506,0.613,sports,1,0,0,1,1,0,800
B15,DASH,drink,Drinks,Flavoured sparkling water,Pink Lady Apple Sparkling Water,1,Pink Lady Apple Sparkling Water,1.0,0.4,0.0,0.0,0.0,0.0,0.3,0.0,1.0,0.139,0.362,0.0,0.0,0.532,0.297,0.0,0.297,0.0,1,0,1,0,0,1,0,0,0,0,0.144,0.167,0.251,0.183,0.203,0.084,0.439,sports,1,0,0,0,0,0,700
B16,Pentire,drink,Drinks,Non-alcoholic aperitif,Coastal Spritz,2,Coastal Spritz|Adrift,0.5,0.0,0.0,0.0,0.25,1.0,0.8,0.0,0.425,0.555,0.0,0.0,0.358,0.116,0.0,1.0,0.0,0.0,1,1,0,0,0,0,0,1,0,0,0.349,0.579,0.192,0.473,0.525,0.658,0.525,performing_arts,1,0,0,0,0,0,1100
B17,Gut Food / Ferment Fizz,drink,Drinks,Fermented lemonade,Orange & Mango Lemonade,3,Orange & Mango Lemonade|Lemon & Raspberry Lemonade|Lemon Lemonade,1.0,0.6,0.0,0.4,0.3,0.0,0.3,0.0,1.0,0.422,0.22,0.0,0.0,0.079,0.0,0.243,0.0,0.136,1,1,0,0,0,0,0,1,0,0,0.244,0.259,0.155,0.246,0.238,0.19,0.42,sports,1,0,1,0,0,1,1200
B18,Navas,drink,Drinks,Tonic mixer,Original Tonic Water,2,Original Tonic Water|Fiery Ginger Beer,1.0,0.0,0.0,0.0,0.5,0.7,0.6,0.0,0.066,0.603,0.0,0.0,0.779,0.087,0.0,1.0,0.0,0.0,0,1,0,0,1,0,0,1,0,0,0.344,0.61,0.253,0.529,0.545,0.739,0.389,performing_arts,1,0,1,1,0,0,1600
B19,JimJams,condiment,Pantry,Sweet spread,Hazelnut Chocolate Spread,1,Hazelnut Chocolate Spread,0.0,0.0,0.5,0.0,0.0,0.3,1.0,0.4,0.905,0.0,0.897,0.0,0.687,0.0,0.934,0.302,1.0,0.0,1,0,0,0,0,0,1,0,1,0,0.416,0.377,0.741,0.476,0.363,0.449,0.454,conferences,0,0,0,0,0,0,1700
B20,The London Essence Co.,drink,Drinks,Tonic mixer,Original Indian Tonic Water,1,Original Indian Tonic Water,1.0,0.0,0.0,0.0,0.5,0.7,0.6,0.0,0.11,0.498,0.0,0.0,0.449,0.146,0.239,1.0,0.0,0.0,0,1,0,0,1,0,0,1,0,0,0.329,0.528,0.173,0.406,0.486,0.639,0.396,performing_arts,1,0,1,0,0,0,1500
B21,Double Dutch,drink,Drinks,Tonic mixer,Indian Tonic Water,1,Indian Tonic Water,1.0,0.0,0.0,0.0,0.5,0.7,0.6,0.0,0.079,0.359,0.652,0.0,1.0,0.105,0.0,0.958,0.0,0.302,0,0,1,0,1,0,0,1,0,0,0.424,0.473,0.529,0.618,0.436,0.792,0.4,performing_arts,1,0,1,0,0,0,1200
B22,Double ‘D’,sweet,Confectionery,Gummy sweets,Savvy Sweets Sour Bears,1,Savvy Sweets Sour Bears,0.0,0.0,0.0,0.0,0.0,0.3,1.0,0.0,1.0,0.0,0.694,0.0,0.0,0.0,0.865,0.188,0.0,0.863,1,0,0,0,0,0,1,0,0,1,0.368,0.301,0.331,0.284,0.291,0.19,0.417,sports,0,0,1,0,0,0,2000
B23,Coco Cubes,sweet,Snacks,Coconut bites,Chocolate Coconut Bites,1,Chocolate Coconut Bites,0.0,0.0,0.4,0.0,0.0,0.0,0.8,0.0,0.762,0.0,0.223,0.0,0.0,0.105,0.81,0.14,0.183,1.0,1,0,0,0,0,0,1,0,0,1,0.411,0.262,0.193,0.161,0.263,0.153,0.345,community,0,0,1,1,0,0,1100
B24,teapigs,drink,Pantry,Loose-leaf fruit and herbal infusion,Super Fruit,1,Super Fruit,0.3,0.4,0.3,0.3,0.0,0.0,0.6,0.0,0.863,0.0,1.0,0.0,0.08,0.0,0.0,0.0,0.765,0.959,1,0,1,0,0,0,0,0,0,1,0.501,0.108,0.577,0.327,0.108,0.128,0.333,conferences,0,0,0,0,0,0,1200
B25,The Original Chicken Crackling,savoury,Snacks,Chicken crackling,Chicken Salt,1,Chicken Salt,0.0,0.0,0.3,0.0,0.3,0.6,0.5,0.0,0.966,0.0,0.657,0.0,0.0,0.503,0.503,1.0,0.299,0.0,1,0,1,0,0,0,0,1,0,0,0.433,0.489,0.387,0.436,0.498,0.568,0.726,sports,0,0,0,1,0,0,1200
B26,Blanco Niño,savoury,Snacks,Tortilla chips,Creamy Jalapeño Tortilla Chips,2,Creamy Jalapeño Tortilla Chips|Chilli & Lime Tortilla Chips,0.0,0.0,0.3,0.0,0.3,1.0,0.5,0.0,0.426,0.0,0.355,0.134,0.0,0.295,0.362,0.536,0.176,1.0,1,0,0,0,0,0,0,1,0,1,0.512,0.305,0.239,0.262,0.311,0.332,0.398,community,0,0,1,1,0,1,2000
B27,Saucerer,condiment,Pantry,Pasta sauce,Pasta Sauce — Wild Mushroom & Truffle,1,Pasta Sauce — Wild Mushroom & Truffle,0.0,0.0,0.0,0.0,0.7,0.0,0.0,1.0,0.0,0.741,0.115,0.0,0.933,0.608,0.0,0.438,1.0,0.267,0,1,0,0,1,0,0,0,1,0,0.501,0.436,0.523,0.486,0.438,0.557,0.346,performing_arts,0,0,1,1,0,0,2000
B28,The Curators,functional,Snacks,Pork puffs,Pork Puffs — Smoky Bacon,1,Pork Puffs — Smoky Bacon,0.0,0.8,0.9,0.0,0.3,0.6,0.5,0.0,1.0,0.0,0.0,0.0,0.0,0.46,0.301,0.0,0.18,0.0,1,0,0,0,0,1,1,0,0,0,0.098,0.11,0.092,0.061,0.146,0.061,0.404,sports,0,0,0,0,0,0,1900
B29,Love Hemp,functional,Wellness,CBD gummies,Sours Calm — Sour Orange CBD Gummies,1,Sours Calm — Sour Orange CBD Gummies,0.0,0.5,0.0,0.0,0.0,0.0,0.3,0.0,0.952,0.991,0.0,0.0,0.0,0.0,1.0,0.0,0.0,0.084,1,1,0,0,0,0,1,0,0,0,0.12,0.514,0.099,0.272,0.463,0.099,0.348,concerts,0,0,0,0,1,0,1400
B30,Ottolenghi,condiment,Pantry,Pesto,Miso Pesto,1,Miso Pesto,0.0,0.0,0.0,0.0,1.0,0.0,0.0,0.7,0.0,0.0,0.113,0.0,0.487,0.596,0.0,0.892,1.0,0.0,0,0,0,0,0,1,0,1,1,0,0.514,0.342,0.396,0.338,0.364,0.611,0.429,performing_arts,0,0,0,0,0,0,1600
B31,Sunfly,condiment,Pantry,Seed butter,Sunflower Seed Butter — Crunchy,1,Sunflower Seed Butter — Crunchy,0.0,0.0,0.5,0.0,0.3,0.0,0.4,0.7,1.0,0.0,0.385,0.0,0.696,0.227,0.0,0.187,0.738,0.0,1,0,0,0,1,0,0,0,1,0,0.296,0.153,0.494,0.312,0.166,0.361,0.45,conferences,0,0,0,0,0,0,1200
B32,ape2o,other,Accessories,Reusable drinkware,GO Steel Bottle — Turtle,1,GO Steel Bottle — Turtle,1.0,0.0,0.0,0.0,0.0,0.0,0.0,0.8,0.321,0.0,0.204,0.0,0.0,1.0,0.0,0.0,0.0,0.89,1,0,0,0,0,1,0,0,0,1,0.291,0.07,0.136,0.112,0.151,0.07,0.331,sports,0,0,0,0,0,0,600
B33,Goodrays,drink,Drinks,CBD sparkling drink,Raspberry & Guava CBD Drink,1,Raspberry & Guava CBD Drink,1.0,0.6,0.0,0.4,0.3,0.0,0.3,0.0,1.0,0.921,0.593,0.0,0.0,0.078,0.0,0.0,0.168,0.0,1,1,1,0,0,0,0,0,0,0,0.132,0.332,0.318,0.382,0.295,0.098,0.373,expos,1,0,0,0,1,0,1400
B34,Little’s,drink,Pantry,Instant coffee,Toffee Nut Flavour Infused Instant Coffee,1,Toffee Nut Flavour Infused Instant Coffee,0.0,0.3,0.7,0.9,0.0,0.0,0.4,0.0,0.999,0.0,0.342,0.0,0.095,1.0,0.0,0.0,0.338,0.0,1,0,1,0,0,1,0,0,0,0,0.156,0.088,0.275,0.173,0.169,0.112,0.527,sports,0,0,0,0,0,0,1700
B35,WelleCo,functional,Wellness,Protein drink powder,The Hydro Protein Elixir — Passionfruit,1,The Hydro Protein Elixir — Passionfruit,0.4,1.0,0.8,0.0,0.0,0.0,0.3,0.0,1.0,0.0,0.0,0.0,0.0,0.345,0.0,0.0,0.0,0.291,1,0,0,0,0,1,0,0,0,1,0.126,0.053,0.053,0.053,0.081,0.053,0.376,sports,0,0,1,0,0,0,700
B36,HOOP,savoury,Snacks,Plantain chips,Plantain Chips — Lemon Pepper,1,Plantain Chips — Lemon Pepper,0.0,0.0,0.3,0.0,0.3,0.6,0.5,0.0,1.0,0.0,0.733,0.142,0.0,0.311,0.382,0.142,0.494,0.303,1,0,1,0,0,0,0,0,1,0,0.317,0.209,0.427,0.284,0.228,0.169,0.46,sports,0,0,0,1,0,0,1900
B37,neat sweets,sweet,Confectionery,Gummy sweets,Fruity Berries,1,Fruity Berries,0.0,0.0,0.0,0.0,0.0,0.3,1.0,0.0,1.0,0.0,0.385,0.0,0.0,0.0,0.779,0.205,0.0,0.255,1,0,1,0,0,0,1,0,0,0,0.195,0.265,0.205,0.196,0.255,0.171,0.395,sports,0,0,1,1,0,0,1400
B38,FREEE,sweet,Snacks,Oat bar,Organic Banana & Chocolate Oat Bar,1,Organic Banana & Chocolate Oat Bar,0.0,0.0,0.9,0.0,0.0,0.0,1.0,0.3,0.816,0.0,0.344,0.0,0.245,0.098,0.633,0.0,0.17,1.0,1,0,0,0,0,0,1,0,0,1,0.378,0.198,0.285,0.201,0.202,0.157,0.325,community,0,0,1,1,0,0,1300
B39,SUCSEED,condiment,Pantry,Seed and botanical blend,Energy,1,Energy,0.0,0.6,0.0,0.4,0.9,0.3,0.0,0.0,0.996,0.266,0.126,0.0,0.348,0.0,0.0,0.504,0.906,1.0,1,0,0,0,0,0,0,0,1,1,0.681,0.333,0.389,0.333,0.306,0.436,0.515,community,0,0,1,0,0,0,1800
B40,sleep toniq,drink,Drinks,Botanical wellness drink,Sleep Toniq,1,Sleep Toniq,0.0,0.5,0.0,0.0,0.0,0.0,0.3,0.0,1.0,0.294,0.0,0.0,0.0,0.086,0.0,0.289,0.184,0.247,1,1,0,0,0,0,0,1,0,0,0.241,0.226,0.101,0.172,0.211,0.198,0.422,sports,1,0,1,0,0,0,800
B41,iLOVE SNACKS,savoury,Snacks,Flavoured nuts,Sicilian Lemon Pistachios,1,Sicilian Lemon Pistachios,0.0,0.0,0.3,0.0,0.3,0.6,0.5,0.0,0.494,0.0,0.248,0.0,0.696,0.117,0.117,0.0,0.204,1.0,1,0,0,0,1,0,0,0,0,1,0.372,0.101,0.341,0.232,0.11,0.26,0.232,community,0,0,1,1,0,0,2000
B42,Root Tea,drink,Pantry,Loose-leaf herbal tea,Lemon Tea Blend,1,Lemon Tea Blend,0.3,1.0,0.0,0.4,0.3,0.0,0.3,0.0,1.0,0.22,0.478,0.0,0.084,0.0,0.0,0.0,0.815,0.0,1,0,1,0,0,0,0,0,1,0,0.247,0.138,0.392,0.232,0.128,0.104,0.344,conferences,0,0,0,0,0,0,800
B43,Fever-Tree,drink,Drinks,Tonic mixer,Refreshingly Light Elderflower Tonic Water,1,Refreshingly Light Elderflower Tonic Water,1.0,0.0,0.0,0.0,0.5,0.7,0.6,0.0,0.784,0.444,1.0,0.0,0.61,0.13,0.929,0.89,0.278,0.0,0,0,1,0,0,0,1,1,0,0,0.437,0.675,0.657,0.687,0.634,0.711,0.619,performing_arts,1,0,0,0,0,0,1700
B44,Folc,drink,Alcoholic drinks,Sparkling rosé wine,English Sparkling Rosé NV,2,English Sparkling Rosé NV|Dry English Rosé,0.0,0.0,0.0,0.0,0.25,1.0,0.75,0.0,0.0,0.211,0.0,0.0,0.941,0.0,0.211,0.807,0.423,0.0,0,0,0,0,1,0,0,1,1,0,0.519,0.512,0.425,0.454,0.466,0.769,0.36,performing_arts,1,0,0,0,1,0,1800
B45,Penrhos,drink,Alcoholic drinks,Gin,Handcrafted Dry Gin,1,Handcrafted Dry Gin,0.0,0.0,0.0,0.0,0.5,1.0,0.8,0.0,0.0,0.3,0.179,0.0,0.976,0.0,0.103,0.567,0.0,1.0,0,0,0,0,1,0,0,1,0,1,0.482,0.346,0.353,0.42,0.314,0.594,0.24,performing_arts,1,0,0,0,1,0,1500
B46,Mission,drink,Drinks,Tea-based energy drink,Lemon & Ginseng Natural Energy Drink,1,Lemon & Ginseng Natural Energy Drink,1.0,0.0,1.0,0.5,0.0,0.0,0.3,0.0,0.804,0.401,1.0,0.0,0.0,0.506,0.292,0.0,0.82,0.0,1,0,1,0,0,0,0,0,1,0,0.285,0.269,0.581,0.398,0.29,0.119,0.419,conferences,1,0,0,0,0,0,700
B47,Ombar,sweet,Confectionery,Filled dark chocolate,Pistachio Cream — 60% Dark Chocolate,1,Pistachio Cream — 60% Dark Chocolate,0.0,0.0,0.0,0.0,0.0,0.3,1.0,0.0,0.21,0.0,0.501,0.0,0.948,0.0,1.0,0.185,0.0,0.839,0,0,0,0,1,0,1,0,0,1,0.358,0.318,0.462,0.374,0.308,0.427,0.206,conferences,0,0,0,0,0,0,1600
B48,Mr Filbert’s,savoury,Snacks,Rice crackers,Teriyaki Mochi Rice Bites,1,Teriyaki Mochi Rice Bites,0.0,0.0,0.3,0.0,0.3,1.0,0.5,0.0,0.077,0.0,0.635,0.167,0.267,0.368,0.574,1.0,0.0,0.0,0,0,1,0,0,0,1,1,0,0,0.343,0.471,0.355,0.439,0.468,0.607,0.441,performing_arts,0,0,0,1,0,0,1400
B49,NOMO,sweet,Confectionery,Filled chocolate alternative,Caramel Choc Bar,1,Caramel Choc Bar,0.0,0.0,0.0,0.0,0.0,0.3,1.0,0.0,0.411,0.0,0.581,0.0,0.0,0.0,1.0,0.201,0.0,0.723,0,0,1,0,0,0,1,0,0,1,0.312,0.302,0.27,0.238,0.291,0.171,0.242,community,0,0,1,1,0,0,2000
