product_id,brand_id,brand_name,product,category,sub_category,core_category,flavour,format,dietary_flags,claims,label_link,vegan,gluten_free,adults_only,needs_chilling,need_hydrate,need_recover,need_energy,need_focus,need_discovery,need_sharing,need_treat,need_value,arch_wellness_seeker,arch_trend_enthusiast,arch_thoughtful_buyer,arch_smart_saver,arch_quality_seeker,arch_on_the_go_shopper,arch_impulse_buyer,arch_experience_explorer,arch_everyday_planner,arch_conscious_consumer,event_community,event_concerts,event_conferences,event_expos,event_festivals,event_performing_arts,event_sports
S001,B01,All That Matters,Superfood Puffs — Peri-Peri,Snacks,Grain puffs,savoury,Spicy peri-peri; savoury,Snack bag,"Gluten-free, non-GMO, and free from artificial preservatives.",Superfood Puffs; Full-power crunch; 107 KCAL per serving,Superfood Puffs and portion calorie wording → shoppers interested in snack nutrition.,0,1,0,0,0.0,0.0,0.8,0.0,0.3,0.6,0.9,0.3,1.0,0.0,0.569,0.133,0.0,0.293,0.694,0.533,0.0,0.0,0.234,0.365,0.286,0.313,0.37,0.338,0.554
S002,B02,Simply Roasted,Black Truffle Potato Crisps,Snacks,Potato crisps,savoury,Black Truffle; savoury,Snack bag,"vegan, gluten-free, dairy-free, and free from major allergens",triple cooked potato crisps; 50% less fat*; 90 kcals; Great Taste,50% less fat* and 90 kcals → shoppers comparing snack fat or portion calories.,1,1,0,0,0.0,0.0,0.8,0.0,0.3,0.6,0.9,0.3,1.0,0.0,0.586,0.138,0.92,0.302,0.371,0.0,0.0,0.241,0.171,0.171,0.491,0.363,0.194,0.346,0.425
S003,B02,Simply Roasted,Sour Cream & Chive Potato Crisps,Snacks,Potato crisps,savoury,Sour Cream & Chive; savoury,Snack bag,"vegan, gluten-free, dairy-free, and free from major allergens",triple cooked potato crisps; 50% less fat*; 90 kcals; Great Taste,50% less fat* and 90 kcals → shoppers comparing snack fat or portion calories.,1,1,0,0,0.0,0.0,0.8,0.0,0.3,0.6,0.9,0.3,1.0,0.0,0.586,0.138,0.794,0.302,0.676,0.0,0.0,0.241,0.174,0.224,0.469,0.349,0.245,0.317,0.429
S004,B02,Simply Roasted,Barbecue Potato Crisps,Snacks,Potato crisps,savoury,Barbecue; savoury,Snack bag,"vegan, gluten-free, dairy-free, and free from major allergens",triple cooked potato crisps; 50% less fat*; 90 kcals; Great Taste,50% less fat* and 90 kcals → shoppers comparing snack fat or portion calories.,1,1,0,0,0.0,0.0,0.8,0.0,0.3,0.6,0.9,0.3,1.0,0.0,0.586,0.138,0.794,0.302,0.371,0.0,0.0,0.241,0.167,0.167,0.461,0.341,0.19,0.31,0.421
S005,B03,The Protein Ball Co.,Salted Caramel Protein Balls,Snacks,Protein balls,functional,Sweet salted caramel,Pouch,Plant-based; No added sugar,PLANT-BASED; 10G HIGH PROTEIN; NO ADDED SUGAR*; NO ADDED JUNK*,10G HIGH PROTEIN → protein seekers; PLANT-BASED → plant-based shoppers; NO ADDED SUGAR → sugar-conscious shoppers.,1,0,0,0,0.0,1.0,0.9,0.0,0.0,0.0,0.8,0.0,1.0,0.0,0.591,0.0,0.0,0.281,0.676,0.0,0.0,0.822,0.304,0.21,0.291,0.223,0.23,0.1,0.411
S006,B03,The Protein Ball Co.,Original Peanut Butter Protein Balls,Snacks,Protein balls,functional,Peanut butter; nutty,Pouch,Contains peanuts; No added sugar,10G HIGH PROTEIN; NO ADDED SUGAR; NO ADDED JUNK,10G HIGH PROTEIN → protein seekers; NO ADDED SUGAR → sugar-conscious shoppers.,0,0,0,0,0.0,1.0,0.9,0.0,0.0,0.0,0.8,0.0,1.0,0.0,0.591,0.0,0.0,0.281,0.335,0.0,0.0,0.0,0.072,0.127,0.263,0.195,0.148,0.072,0.383
S007,B04,Well & Truly,Thins — Rich Cheddar & Gouda with a Hint of Jalapeño,Snacks,Cheese crackers,savoury,Cheddar; gouda; mild chilli,Snack bag,Gluten-free; Contains milk,30% LESS FAT; DELICIOUS SOURCE OF PROTEIN; GLUTEN FREE; MADE WITH REAL CHEESE; Thoughtfully Thin. Seriously Tasty.,GLUTEN FREE → gluten-free shoppers; SOURCE OF PROTEIN → protein seekers.,0,1,0,0,0.0,0.0,0.3,0.0,0.3,0.6,0.5,0.0,1.0,0.0,0.226,0.142,0.0,0.475,0.382,0.475,0.185,0.0,0.247,0.288,0.195,0.221,0.31,0.302,0.561
S008,B05,INDI,Brain Bar,Snacks,Functional snack bar,savoury,Cocoa; blueberry; cranberry; nuts,Wrapped bar,Vegan; Gluten-free; Contains walnuts and cashews,"Brain Bar; 6G HIGH FIBRE; 16 BRAIN FOODS; +VIT B12, C & D3; +IRON & ZINC; GLUTEN FREE; VEGAN",Brain Bar → focus-oriented positioning; HIGH FIBRE → fibre seekers; VEGAN → plant-based shoppers.,1,1,0,0,0.0,0.0,1.0,1.0,0.0,0.0,0.4,0.3,0.967,0.189,0.381,0.0,0.0,0.354,0.109,0.0,0.189,1.0,0.384,0.162,0.252,0.209,0.182,0.097,0.412
S009,B06,Kooky,Gently Dried Chewy Mango,Snacks,Dried fruit,sweet,Sweet tropical mango,Snack pouch,No sulphites,Pretty Unique Fruit; 100% Natural; Only 51 calories; No Sulfites; Nothing Artificial; Certified B Corporation; 1% for the Planet; Great Taste 2024,Only 51 calories → portion-conscious shoppers; Nothing Artificial → ingredient-conscious shoppers; B Corp/1% for the Planet → values-led shoppers.,0,0,0,0,0.2,0.0,0.8,0.0,0.0,0.0,1.0,0.0,0.54,0.0,1.0,0.17,0.645,0.128,0.571,0.0,0.223,0.773,0.355,0.211,0.613,0.417,0.219,0.283,0.282
S010,B04,Well & Truly,Crunchies — Smokey Paprika,Snacks,Baked corn snacks,savoury,Smokey Paprika; savoury,Snack bag,Gluten-free,40% LESS FAT*; GLUTEN FREE; ALL NATURAL INGREDIENTS; Great Taste,GLUTEN FREE → gluten-free shoppers; less-fat wording → mindful snackers.,0,1,0,0,0.0,0.0,0.3,0.0,0.3,0.6,0.5,0.0,0.956,0.0,1.0,0.153,0.579,0.335,0.412,0.0,0.2,0.0,0.154,0.181,0.591,0.404,0.206,0.262,0.423
S011,B04,Well & Truly,Crunchies — Really Cheesy,Snacks,Baked corn snacks,savoury,Really Cheesy; savoury,Snack bag,Gluten-free,40% LESS FAT*; GLUTEN FREE; ALL NATURAL INGREDIENTS; Great Taste,GLUTEN FREE → gluten-free shoppers; less-fat wording → mindful snackers.,0,1,0,0,0.0,0.0,0.3,0.0,0.3,0.6,0.5,0.0,0.956,0.0,1.0,0.153,0.579,0.335,0.412,0.0,0.2,0.0,0.154,0.181,0.591,0.404,0.206,0.262,0.423
S012,B04,Well & Truly,Crunchies — Smokey Bacon,Snacks,Baked corn snacks,savoury,Smokey Bacon; savoury,Snack bag,Gluten-free; Vegan,40% LESS FAT*; GLUTEN FREE; 50% LESS SALT*; OINK-FREE! AKA VEGAN FRIENDLY,GLUTEN FREE → gluten-free shoppers; less-fat wording → mindful snackers. VEGAN FRIENDLY → plant-based shoppers despite bacon flavour.,1,1,0,0,0.0,0.0,0.3,0.0,0.3,0.6,0.5,0.0,0.905,0.0,0.415,0.144,0.0,0.317,0.389,0.0,0.189,1.0,0.385,0.161,0.264,0.184,0.185,0.098,0.39
S013,B04,Well & Truly,Crunchies — Sea Salt & Cider Vinegar,Snacks,Baked corn snacks,savoury,Sea Salt & Cider Vinegar; savoury,Snack bag,Gluten-free,40% LESS FAT*; GLUTEN FREE; ALL NATURAL INGREDIENTS; 50% LESS SALT*,GLUTEN FREE → gluten-free shoppers; less-fat wording → mindful snackers.,0,1,0,0,0.0,0.0,0.3,0.0,0.3,0.6,0.5,0.0,0.956,0.0,1.0,0.153,0.0,0.335,0.412,0.0,0.2,0.0,0.137,0.163,0.454,0.304,0.189,0.096,0.406
S014,B04,Well & Truly,Fudge & Brownie Oat M&lk Chocolate,Confectionery,Chocolate,sweet,Chocolate; fudge; brownie,Boxed bar,Plant-based; Gluten-free,100% PLANT BASED; GLUTEN FREE; ETHICAL & DIRECT TRADE,PLANT BASED and GLUTEN FREE → corresponding dietary preferences; ETHICAL & DIRECT TRADE → ethical shoppers.,1,1,0,0,0.0,0.0,0.0,0.0,0.0,0.3,1.0,0.0,0.379,0.0,0.379,0.0,0.0,0.0,1.0,0.186,0.173,0.984,0.41,0.3,0.236,0.196,0.289,0.166,0.232
S015,B07,Helen Browning’s Organic,Organic Corned Beef,Pantry,Preserved meat,condiment,Rich savoury beef,Glass jar,Contains beef; Organic; Gluten-free (brand website); GM-free (brand website),British organic beef; grass-fed; lower carbon footprint; Ready to eat,Ready to eat → convenience seekers; organic/grass-fed → provenance-conscious shoppers.,0,1,0,0,0.0,0.0,0.8,0.0,0.0,0.3,0.0,1.0,0.232,0.0,0.11,0.0,0.474,0.696,0.232,0.19,0.611,1.0,0.517,0.189,0.335,0.221,0.239,0.303,0.331
S016,B08,Dr. Will’s,Avocado Oil Mayo,Pantry,Mayonnaise,condiment,Creamy; savoury,Glass jar,"keto-friendly, sugar-free, seed-oil-free, gluten-free, and dairy-free",ALL NATURAL; GET REAL; Great Taste,ALL NATURAL → ingredient-conscious shoppers; avocado oil mayo → home cooks.,0,1,0,0,0.0,0.0,0.0,0.0,1.0,0.4,0.0,0.4,0.448,0.0,0.923,0.0,0.729,0.0,0.0,0.195,1.0,0.0,0.349,0.154,0.718,0.429,0.148,0.372,0.267
S017,B08,Dr. Will’s,Buffalo Hot Sauce,Pantry,Hot sauce,condiment,Hot buffalo-style; tangy,Glass bottle,gluten-free and suitable for vegans,ALL NATURAL; HOT; GET REAL,HOT → spice lovers; ALL NATURAL → ingredient-conscious shoppers.,1,1,0,0,0.0,0.0,0.0,0.0,1.0,0.4,0.0,0.4,0.0,0.242,1.0,0.0,0.385,0.0,0.0,0.773,0.776,0.0,0.447,0.378,0.633,0.538,0.344,0.54,0.3
S018,B09,EP!C Snax Co.,Plant Power Toastin’ Marshmallows,Confectionery,Marshmallows,sweet,Sweet; exact flavour not stated,Sharing bag,Vegan,PLANT POWER; TOASTIN’; AMERICAN STYLE; Vegan; NATURAL INGREDIENTS,PLANT POWER and Vegan → plant-based shoppers; TOASTIN’ → outdoor/social occasions.,1,0,0,0,0.0,0.0,0.0,0.0,0.0,1.0,1.0,0.0,0.271,0.0,0.833,0.0,0.0,0.0,1.0,0.636,0.0,1.0,0.514,0.449,0.376,0.391,0.426,0.389,0.343
S019,B09,EP!C Snax Co.,Giant Toastin’ Marshmallows,Confectionery,Marshmallows,sweet,Sweet; exact flavour not stated,Sharing bag,gluten free dairy free,GIANT; TOASTIN’; AMERICAN STYLE; PERFECT FOR THE BBQ,TOASTIN’ and PERFECT FOR THE BBQ → outdoor/social occasions.,0,1,0,0,0.0,0.0,0.0,0.0,0.0,1.0,1.0,0.0,0.0,0.0,0.0,0.0,0.0,0.0,1.0,0.636,0.0,0.0,0.203,0.388,0.045,0.156,0.364,0.327,0.211
S020,B10,ötzibrew,Organic Dandelion & Burdock Root Coffee Alternative,Pantry,Coffee alternative,drink,Dandelion and burdock root; earthy (inferred),Dry drink blend in tub,Organic,"Organic; Coffee Alternative; like coffee, but better.",Coffee Alternative → shoppers seeking an alternative coffee ritual.,0,0,0,0,0.0,0.3,0.4,0.8,0.4,0.0,0.4,0.0,0.452,0.251,0.119,0.0,0.368,0.0,0.0,0.0,0.164,1.0,0.351,0.133,0.211,0.19,0.121,0.163,0.187
S021,B11,OOM,Balance,Drinks,Functional sparkling drink,drink,Peach; blood orange; hops,Can,"vegan, gluten-free, and low-sugar functional sparkling drink",Balance; Lightly sparkling; Chaga; Vitamin B Complex; L-Tyrosine; Ashwagandha,Balance and named botanical ingredients → wellness positioning. No effect on mood is established by the photo.,1,1,0,1,1.0,0.6,0.0,0.4,0.3,0.0,0.3,0.0,1.0,0.268,0.336,0.0,0.0,0.078,0.0,0.336,0.0,0.225,0.216,0.239,0.185,0.252,0.223,0.225,0.439
S022,B12,ChariTea,Mate Sparkling,Drinks,Sparkling yerba mate tea,drink,Yerba mate; lemon; orange,Can,Organic,Organic iced yerba mate tea; real-brewed and gently sparkling; Beyond fair trade; ChariTea. Drinking helps.,Beyond fair trade and foundation support → ethical shoppers; organic mate → tea drinkers.,0,0,0,1,1.0,0.3,0.0,0.3,0.0,0.0,0.6,0.0,0.388,0.087,0.41,0.0,0.268,0.087,0.0,0.0,0.958,1.0,0.531,0.111,0.438,0.227,0.114,0.157,0.205
S023,B13,mindfuel flow,Mushroom Iced Latte — Salted Caramel,Drinks,Functional iced latte,drink,Salted caramel; creamy,Can,Vegan; Caffeine-free; No added sugar,FOCUS & CLARITY; lion’s mane-infused; caffeine-free; naturally sweetened and flavoured; VEGAN; NO ADDED SUGAR,FOCUS & CLARITY → focus positioning; caffeine-free → caffeine reducers; VEGAN → plant-based shoppers.,1,0,0,1,1.0,0.0,0.9,1.0,0.4,0.0,0.3,0.0,1.0,0.763,0.669,0.0,0.0,0.303,0.434,0.0,0.0,0.896,0.352,0.393,0.346,0.402,0.38,0.129,0.444
S024,B14,Lowrise,Lager,Alcoholic drinks,Beer,drink,Lager; hoppy/malty (inferred),Can,Gluten-free; Contains alcohol (4% ABV),LOW CALS; FULL VIBE; 87 CALORIES; 4% ABV; GLUTEN FREE,87 CALORIES → calorie-conscious adult beer drinkers; GLUTEN FREE → gluten-free preference.,0,1,1,1,0.0,0.0,0.0,0.0,0.0,1.0,0.5,0.0,1.0,0.262,0.555,0.0,0.0,0.0,0.765,0.845,0.834,0.0,0.51,0.561,0.451,0.44,0.52,0.506,0.613
S025,B15,DASH,Pink Lady Apple Sparkling Water,Drinks,Flavoured sparkling water,drink,Apple; lightly fruity,Can,No sugar; No sweeteners; Zero calories,0 Calories; NO SUGAR; NO SWEETENERS,0 Calories and NO SUGAR → calorie/sugar-conscious shoppers; NO SWEETENERS → sweetener-avoiding preference.,0,0,0,1,1.0,0.4,0.0,0.0,0.0,0.0,0.3,0.0,1.0,0.139,0.362,0.0,0.0,0.532,0.297,0.0,0.297,0.0,0.144,0.167,0.251,0.183,0.203,0.084,0.439
S026,B14,Lowrise,Hazy Pale,Alcoholic drinks,Beer,drink,Hazy Pale; hoppy/malty (inferred),Can,Gluten-free; Contains alcohol (4% ABV),LOW CALS; FULL VIBE; 84 CALORIES; 4% ABV; GLUTEN FREE,84 CALORIES → calorie-conscious adult beer drinkers; GLUTEN FREE → gluten-free preference.,0,1,1,1,0.0,0.0,0.0,0.0,0.0,1.0,0.5,0.0,1.0,0.262,0.555,0.0,0.0,0.0,0.765,0.845,0.834,0.0,0.51,0.561,0.451,0.44,0.52,0.506,0.613
S027,B16,Pentire,Coastal Spritz,Drinks,Non-alcoholic aperitif,drink,Blood orange; sea rosemary; oakwood,Ready-to-drink can,Non-alcoholic,NON-ALCOHOLIC APERITIF; Distilled Coastal Botanicals,NON-ALCOHOLIC APERITIF → alcohol-free social occasions.,0,0,0,1,1.0,0.0,0.0,0.0,0.0,1.0,0.8,0.0,0.322,0.338,0.0,0.0,0.271,0.088,0.0,1.0,0.0,0.0,0.318,0.437,0.125,0.341,0.399,0.582,0.429
S028,B17,Gut Food / Ferment Fizz,Orange & Mango Lemonade,Drinks,Fermented lemonade,drink,Orange & Mango; fruity/tart,Glass bottle,"vegan-friendly, plant-based, and free from artificial sweeteners, flavorings, extracts, concentrates, and citric acid",Digestive Wellness; prebiotic,Digestive Wellness and prebiotic → gut-wellness positioning; this is not confirmation of a health effect.,1,0,0,1,1.0,0.6,0.0,0.4,0.3,0.0,0.3,0.0,1.0,0.427,0.23,0.0,0.0,0.08,0.0,0.246,0.0,0.409,0.244,0.259,0.155,0.246,0.238,0.19,0.42
S029,B17,Gut Food / Ferment Fizz,Lemon & Raspberry Lemonade,Drinks,Fermented lemonade,drink,Lemon & Raspberry; fruity/tart,Glass bottle,"suitable for vegans, free from artificial sweeteners, flavorings, extracts, concentrates, and citric acid, and packed with 4.5g of prebiotic fibre",Digestive Wellness; prebiotic,Digestive Wellness and prebiotic → gut-wellness positioning; this is not confirmation of a health effect.,1,0,0,1,1.0,0.6,0.0,0.4,0.3,0.0,0.3,0.0,1.0,0.421,0.226,0.0,0.0,0.079,0.0,0.243,0.0,0.0,0.131,0.246,0.143,0.233,0.225,0.178,0.409
S030,B18,Navas,Original Tonic Water,Drinks,Tonic mixer,drink,Botanical; bittersweet (inferred),Glass bottle,"suitable for vegans, vegetarians, and gluten-free diets",PREMIUM BOTANICAL MIXERS; BEAUTIFULLY BALANCED,PREMIUM BOTANICAL MIXERS → cocktail and botanical-drink interests.,1,1,0,1,1.0,0.0,0.0,0.0,0.5,0.7,0.6,0.0,0.064,0.291,0.0,0.0,0.859,0.085,0.0,1.0,0.0,0.0,0.324,0.432,0.253,0.423,0.395,0.739,0.368
S031,B18,Navas,Fiery Ginger Beer,Drinks,Ginger beer mixer,drink,Spicy ginger,Glass bottle,"suitable for vegans, vegetarians, and gluten-free diets",PREMIUM BOTANICAL MIXERS; BOLD & FULL BODIED,Fiery Ginger and BOLD & FULL BODIED → bold/spicy flavour preference.,1,1,0,1,1.0,0.0,0.0,0.0,0.5,0.7,0.6,0.0,0.068,0.915,0.0,0.0,0.7,0.09,0.0,1.0,0.0,0.0,0.344,0.61,0.24,0.529,0.545,0.718,0.389
S032,B17,Gut Food / Ferment Fizz,Lemon Lemonade,Drinks,Fermented lemonade,drink,Lemon; fruity/tart,Glass bottle,Low sugar,Digestive Wellness; prebiotic; low sugar,Digestive Wellness and prebiotic → gut-wellness positioning; this is not confirmation of a health effect.,0,0,0,1,1.0,0.6,0.0,0.4,0.3,0.0,0.3,0.0,1.0,0.417,0.204,0.0,0.0,0.078,0.0,0.241,0.0,0.0,0.129,0.243,0.135,0.227,0.223,0.176,0.407
S033,B19,JimJams,Hazelnut Chocolate Spread,Pantry,Sweet spread,condiment,Chocolate; hazelnut,Glass jar,No added sugar; Contains hazelnuts,NO ADDED SUGAR; NATURAL INGREDIENTS; Great Taste,NO ADDED SUGAR → sugar-conscious shoppers; spread format → breakfast/home use.,0,0,0,0,0.0,0.0,0.5,0.0,0.0,0.3,1.0,0.4,0.905,0.0,0.897,0.0,0.687,0.0,0.934,0.302,1.0,0.0,0.416,0.377,0.741,0.476,0.363,0.449,0.454
S034,B16,Pentire,Adrift,Drinks,Non-alcoholic spirit alternative,drink,Herbaceous; rock samphire; headland sage; lemon citrus,Glass bottle,Non-alcoholic,Herbaceous & Fresh; DISTILLED COASTAL BOTANICALS; NON-ALCOHOLIC,NON-ALCOHOLIC → alcohol-free socialising; botanical spirit alternative → home mixing.,0,0,0,1,0.0,0.0,0.0,0.0,0.5,1.0,0.8,0.0,0.528,0.773,0.0,0.0,0.445,0.145,0.0,1.0,0.0,0.0,0.349,0.579,0.192,0.473,0.525,0.658,0.525
S035,B20,The London Essence Co.,Original Indian Tonic Water,Drinks,Tonic mixer,drink,Bright; citrus; crisp,Can,Suitable for vegans and vegetarians.,BRIGHT; CITRUS; CRISP,"BRIGHT, CITRUS, CRISP → citrus-flavour preference; tonic format → mixing.",1,0,0,1,1.0,0.0,0.0,0.0,0.5,0.7,0.6,0.0,0.11,0.498,0.0,0.0,0.449,0.146,0.239,1.0,0.0,0.0,0.329,0.528,0.173,0.406,0.486,0.639,0.396
S036,B21,Double Dutch,Indian Tonic Water,Drinks,Tonic mixer,drink,Botanical; bittersweet (inferred),Glass bottle,Allergen-free and suitable for typical vegetarian/vegan dietary preferences,NATURALLY DELICIOUS; PREMIUM MIXERS,PREMIUM MIXERS → cocktail/mixing interest.,1,0,0,1,1.0,0.0,0.0,0.0,0.5,0.7,0.6,0.0,0.079,0.359,0.652,0.0,1.0,0.105,0.0,0.958,0.0,0.302,0.424,0.473,0.529,0.618,0.436,0.792,0.4
S037,B22,Double ‘D’,Savvy Sweets Sour Bears,Confectionery,Gummy sweets,sweet,Sour raspberry and blueberry,Pouch,Plant-based; No added sugar,NO SUGAR ADDED; PLANT BASED; PREBIOTIC FIBRE; NATURAL COLOURS & FLAVOURS; 75 CALORIES / BAG; AUSTRALIAN MADE,NO SUGAR ADDED → sugar-conscious shoppers; PLANT BASED → plant-based shoppers; PREBIOTIC FIBRE → fibre interest.,1,0,0,0,0.0,0.0,0.0,0.0,0.0,0.3,1.0,0.0,1.0,0.0,0.694,0.0,0.0,0.0,0.865,0.188,0.0,0.863,0.368,0.301,0.331,0.284,0.291,0.19,0.417
S038,B23,Coco Cubes,Chocolate Coconut Bites,Snacks,Coconut bites,sweet,Coconut; chocolate,Pouch,Vegan; Gluten-free,VEGAN; GLUTEN FREE; REAL COCONUT; JUST 130 KCAL; RECYCLABLE; FOR COCONUT LOVERS; LIL BITES OF SUNSHINE,VEGAN and GLUTEN FREE → dietary preferences; REAL COCONUT → coconut flavour fans.,1,1,0,0,0.0,0.0,0.4,0.0,0.0,0.0,0.8,0.0,0.762,0.0,0.223,0.0,0.0,0.105,0.81,0.14,0.183,1.0,0.411,0.262,0.193,0.161,0.263,0.153,0.345
S039,B24,teapigs,Super Fruit,Pantry,Loose-leaf fruit and herbal infusion,drink,Berries; hibiscus; tart fruit,Resealable tea pouch,Naturally caffeine-free,"naturally caffeine-free; bursting with berries; Natural, with no artificial flavourings; ethical tea partnership; All our packs give back",naturally caffeine-free → caffeine reducers; give-back wording → ethical shoppers.,0,0,0,0,0.3,0.4,0.3,0.3,0.0,0.0,0.6,0.0,0.863,0.0,1.0,0.0,0.08,0.0,0.0,0.0,0.765,0.959,0.501,0.108,0.577,0.327,0.108,0.128,0.333
S040,B03,The Protein Ball Co.,Stuffed — Matcha & Vanilla,Snacks,Filled protein balls,functional,Matcha; vanilla,Pouch,"100% plant-based, vegan, and naturally gluten-free, with no added sugar, artificial sweeteners, or emulsifiers",STUFFED; MATCHA & VANILLA,Protein Ball branding → protein snack interest; MATCHA & VANILLA → matcha flavour preference.,1,1,0,0,0.0,0.8,1.0,0.0,0.0,0.0,0.8,0.0,0.964,1.0,0.257,0.0,0.0,0.322,0.384,0.0,0.0,0.458,0.226,0.429,0.195,0.341,0.406,0.112,0.421
S041,B25,The Original Chicken Crackling,Chicken Salt,Snacks,Chicken crackling,savoury,Chicken salt; savoury; spicy twist,Snack bag,Gluten-free; Low sugar; Contains chicken,With a spicy twist; Low in Sugar!; NO SEED OILS; GLUTEN FREE; Made in the UK using EU chicken,Low in Sugar and GLUTEN FREE → stated dietary preferences; chicken crackling → meat snackers.,0,1,0,0,0.0,0.0,0.3,0.0,0.3,0.6,0.5,0.0,0.966,0.0,0.657,0.0,0.0,0.503,0.503,1.0,0.299,0.0,0.433,0.489,0.387,0.436,0.498,0.568,0.726
S042,B26,Blanco Niño,Creamy Jalapeño Tortilla Chips,Snacks,Tortilla chips,savoury,Creamy Jalapeño; savoury/spicy,Snack bag,Vegan; Gluten-free,FULLY RECYCLABLE BAG; VEGAN; GLUTEN-FREE,VEGAN and GLUTEN-FREE → corresponding dietary preferences; FULLY RECYCLABLE BAG → packaging-conscious shoppers.,1,1,0,0,0.0,0.0,0.3,0.0,0.3,1.0,0.5,0.0,0.426,0.0,0.355,0.134,0.0,0.295,0.362,0.536,0.176,1.0,0.512,0.305,0.239,0.262,0.311,0.332,0.398
S043,B26,Blanco Niño,Chilli & Lime Tortilla Chips,Snacks,Tortilla chips,savoury,Chilli & Lime; savoury/spicy,Snack bag,Vegan; Gluten-free,FULLY RECYCLABLE BAG; VEGAN; GLUTEN-FREE,VEGAN and GLUTEN-FREE → corresponding dietary preferences; FULLY RECYCLABLE BAG → packaging-conscious shoppers.,1,1,0,0,0.0,0.0,0.3,0.0,0.3,1.0,0.5,0.0,0.426,0.0,0.355,0.134,0.0,0.295,0.362,0.536,0.176,1.0,0.512,0.305,0.239,0.262,0.311,0.332,0.398
S044,B27,Saucerer,Pasta Sauce — Wild Mushroom & Truffle,Pantry,Pasta sauce,condiment,Earthy mushroom; truffle,Glass jar,"vegan, vegetarian, dairy-free, and gluten-free",NO NASTIES; SIMPLY STIR IN TO PASTA; SERVES THREE,SIMPLY STIR IN TO PASTA → convenience seekers; mushroom/truffle → flavour explorers.,1,1,0,0,0.0,0.0,0.0,0.0,0.7,0.0,0.0,1.0,0.0,0.741,0.115,0.0,0.933,0.608,0.0,0.438,1.0,0.267,0.501,0.436,0.523,0.486,0.438,0.557,0.346
S045,B28,The Curators,Pork Puffs — Smoky Bacon,Snacks,Pork puffs,functional,Smoky bacon; savoury,Snack bag,Contains pork,HIGH PROTEIN CRISPS; 18G PROTEIN; 1G CARBS; 133 CALORIES,18G PROTEIN → protein seekers; 1G CARBS → carb-conscious shoppers.,0,0,0,0,0.0,0.8,0.9,0.0,0.3,0.6,0.5,0.0,1.0,0.0,0.0,0.0,0.0,0.46,0.301,0.0,0.18,0.0,0.098,0.11,0.092,0.061,0.146,0.061,0.404
S046,B29,Love Hemp,Sours Calm — Sour Orange CBD Gummies,Wellness,CBD gummies,functional,Sour orange,Resealable pouch,Contains CBD,SOURS; CALM; SOUR ORANGE CBD GUMMIES; 60 x 10MG CBD GUMMIES,CALM → wind-down positioning; CBD → adult CBD interest.,0,0,1,0,0.0,0.5,0.0,0.0,0.0,0.0,0.3,0.0,0.952,0.991,0.0,0.0,0.0,0.0,1.0,0.0,0.0,0.084,0.12,0.514,0.099,0.272,0.463,0.099,0.348
S047,B30,Ottolenghi,Miso Pesto,Pantry,Pesto,condiment,Umami miso; caramelised onion; spinach; pine kernels,Glass jar,Contains pine kernels,fold through pasta & noodles; spoon over fish & veg; top flatbreads,Recipe-use wording → convenient meal preparation; miso pesto → flavour explorers.,0,0,0,0,0.0,0.0,0.0,0.0,1.0,0.0,0.0,0.7,0.0,0.0,0.113,0.0,0.487,0.596,0.0,0.892,1.0,0.0,0.514,0.342,0.396,0.338,0.364,0.611,0.429
S048,B31,Sunfly,Sunflower Seed Butter — Crunchy,Pantry,Seed butter,condiment,Sunflower seed; nutty-style; crunchy,Glass jar,No nuts (label); No soy (label); No sesame (label),"NO NUTS; NO SOY; NO SESAME; Rich in Vitamin E, Magnesium, & Iron; 21g Of Protein*; Great Taste",NO NUTS/NO SOY/NO SESAME → shoppers seeking those exclusions; 21g Of Protein → protein interest.,0,0,0,0,0.0,0.0,0.5,0.0,0.3,0.0,0.4,0.7,1.0,0.0,0.385,0.0,0.696,0.227,0.0,0.187,0.738,0.0,0.296,0.153,0.494,0.312,0.166,0.361,0.45
S049,B32,ape2o,GO Steel Bottle — Turtle,Accessories,Reusable drinkware,other,Not applicable,Boxed steel bottle,Not applicable,Stays cold. Stays hot.; WATER WITHOUT PLASTIC,WATER WITHOUT PLASTIC → reuse preference; Stays cold/Stays hot → portable drink needs.,0,0,0,0,1.0,0.0,0.0,0.0,0.0,0.0,0.0,0.8,0.321,0.0,0.204,0.0,0.0,1.0,0.0,0.0,0.0,0.89,0.291,0.07,0.136,0.112,0.151,0.07,0.331
S050,B33,Goodrays,Raspberry & Guava CBD Drink,Drinks,CBD sparkling drink,drink,Raspberry; guava,Can,Contains CBD; No added sugar; Low calorie,NO ARTIFICIAL SWEETENERS; NO ADDED SUGAR & LOW CALORIE; HIGH IN VITAMIN D; CBD,CBD → adult CBD interest; NO ADDED SUGAR & LOW CALORIE → sugar/calorie-conscious shoppers.,0,0,1,1,1.0,0.6,0.0,0.4,0.3,0.0,0.3,0.0,1.0,0.921,0.593,0.0,0.0,0.078,0.0,0.0,0.168,0.0,0.132,0.332,0.318,0.382,0.295,0.098,0.373
S051,B34,Little’s,Toffee Nut Flavour Infused Instant Coffee,Pantry,Instant coffee,drink,Toffee; nut-style flavour; rich and smooth,Glass jar,No added sugar,NO ADDED SUGAR; FLAVOUR INFUSED INSTANT COFFEE; RICH AND SMOOTH,NO ADDED SUGAR → sugar-conscious coffee drinkers; Toffee Nut → flavoured-coffee preference.,0,0,0,0,0.0,0.3,0.7,0.9,0.0,0.0,0.4,0.0,0.999,0.0,0.342,0.0,0.095,1.0,0.0,0.0,0.338,0.0,0.156,0.088,0.275,0.173,0.169,0.112,0.527
S052,B35,WelleCo,The Hydro Protein Elixir — Passionfruit,Wellness,Protein drink powder,functional,Passionfruit,Single powder sachet,"a vegan, water-soluble protein powder designed to provide a light, refreshing alternative to heavy protein shakes with added electrolytes and a beauty blend",CLEAR PROTEIN; DIETARY SUPPLEMENT; FOOD SUPPLEMENT,CLEAR PROTEIN → protein/fitness interest.,1,0,0,0,0.4,1.0,0.8,0.0,0.0,0.0,0.3,0.0,1.0,0.0,0.0,0.0,0.0,0.345,0.0,0.0,0.0,0.291,0.126,0.053,0.053,0.053,0.081,0.053,0.376
S053,B36,HOOP,Plantain Chips — Lemon Pepper,Snacks,Plantain chips,savoury,Lemon; pepper; savoury,Snack bag,Gluten-free,SNACK HEALTHY; BUILD YOUTH BASKETBALL; 23P DONATED PER PACK; GLUTEN FREE; NATURAL FLAVOURING; SOURCE OF FIBRE,SOURCE OF FIBRE → fibre seekers; youth basketball donation → community/sport interest; GLUTEN FREE → gluten-free preference.,0,1,0,0,0.0,0.0,0.3,0.0,0.3,0.6,0.5,0.0,1.0,0.0,0.733,0.142,0.0,0.311,0.382,0.142,0.494,0.303,0.317,0.209,0.427,0.284,0.228,0.169,0.46
S054,B37,neat sweets,Fruity Berries,Confectionery,Gummy sweets,sweet,Mixed berries,Pouch,"vegan, gluten-free, low-sugar (1.6g of sugar per 50g bag), and high in dietary fibre",HIGH FIBRE; 95% LESS SUGAR*; LESS THAN 2g SUGAR PER BAG; GUILT FREE CANDY,LESS THAN 2g SUGAR PER BAG → sugar-conscious shoppers; HIGH FIBRE → fibre interest.,1,1,0,0,0.0,0.0,0.0,0.0,0.0,0.3,1.0,0.0,1.0,0.0,0.385,0.0,0.0,0.0,0.779,0.205,0.0,0.255,0.195,0.265,0.205,0.196,0.255,0.171,0.395
S055,B38,FREEE,Organic Banana & Chocolate Oat Bar,Snacks,Oat bar,sweet,Banana; chocolate,Wrapped bar,Organic; Vegan; Gluten-free; Kosher pareve,Organic; Vegan; HIGH FIBRE; KLBD PARVE; Crossed-grain gluten-free symbol,HIGH FIBRE → fibre seekers; Vegan/Organic/gluten-free symbol → dietary preferences.,1,1,0,0,0.0,0.0,0.9,0.0,0.0,0.0,1.0,0.3,0.816,0.0,0.344,0.0,0.245,0.098,0.633,0.0,0.17,1.0,0.378,0.198,0.285,0.201,0.202,0.157,0.325
S056,B39,SUCSEED,Energy,Pantry,Seed and botanical blend,condiment,Seeds; herbal/earthy (inferred),Resealable pouch,Vegan (brand website),Energy; FOR GREATER VITALITY; KOREAN GINSENG; MACA; NETTLE LEAF; HAWTHORN BERRY,Energy and FOR GREATER VITALITY → vitality positioning; seed blend → meal-topping use. Brand website confirms vegan → plant-based shoppers.,1,0,0,0,0.0,0.6,0.0,0.4,0.9,0.3,0.0,0.0,0.996,0.266,0.126,0.0,0.348,0.0,0.0,0.504,0.906,1.0,0.681,0.333,0.389,0.333,0.306,0.436,0.515
S057,B11,OOM,Calm,Drinks,Functional sparkling drink,drink,Lime; mint; rosemary,Can,"vegan, gluten-free, and low-sugar functional sparkling drink",Calm; Lightly sparkling; Reishi; Vitamin B Complex; L-Theanine; Lemon Balm,Calm and named botanicals → wind-down positioning.,1,1,0,1,1.0,0.5,0.0,0.0,0.0,0.0,0.6,0.0,1.0,0.272,0.0,0.0,0.0,0.08,0.0,0.0,0.171,0.229,0.15,0.128,0.087,0.106,0.121,0.059,0.334
S058,B40,sleep toniq,Sleep Toniq,Drinks,Botanical wellness drink,drink,Chamomile; apple cider vinegar; blossom honey; orange,Can,Contains honey (not vegan),sleep toniq; Chamomile Flower; Apple Cider Vinegar; Blossom Honey; Orange,sleep toniq → bedtime/wind-down positioning.,1,0,0,1,0.0,0.5,0.0,0.0,0.0,0.0,0.3,0.0,1.0,0.294,0.0,0.0,0.0,0.086,0.0,0.289,0.184,0.247,0.241,0.226,0.101,0.172,0.211,0.198,0.422
S059,B41,iLOVE SNACKS,Sicilian Lemon Pistachios,Snacks,Flavoured nuts,savoury,Pistachio; Sicilian lemon,Snack pouch,Plant-based; Gluten-free; GMO-free; Contains pistachios,PLANT-BASED; GLUTEN FREE; GMO FREE; 146 CALORIES; Great Taste 2025,PLANT-BASED and GLUTEN FREE → dietary preferences; Sicilian Lemon → citrus/nut snack preference.,1,1,0,0,0.0,0.0,0.3,0.0,0.3,0.6,0.5,0.0,0.494,0.0,0.248,0.0,0.696,0.117,0.117,0.0,0.204,1.0,0.372,0.101,0.341,0.232,0.11,0.26,0.232
S060,B02,Simply Roasted,Hot Honey Potato Crisps,Snacks,Potato crisps,savoury,Hot Honey; savoury,Sharing bag,"Gluten-free, vegan, preservative-free, and made without the 14 major allergens",triple cooked potato crisps; 50% less fat*,50% less fat* → shoppers comparing snack fat; larger bag → sharing occasions.,1,1,0,0,0.0,0.0,0.3,0.0,0.3,1.0,0.5,0.0,1.0,0.0,0.534,0.166,0.63,0.365,0.448,0.0,0.0,0.291,0.178,0.179,0.409,0.306,0.206,0.267,0.432
S061,B02,Simply Roasted,Sea Salt Potato Crisps,Snacks,Potato crisps,savoury,Sea Salt; savoury,Sharing bag,"Gluten-free, vegan, preservative-free, and made without the 14 major allergens",triple cooked potato crisps; 50% less fat*; Great Taste 2024,50% less fat* → shoppers comparing snack fat; larger bag → sharing occasions.,1,1,0,0,0.0,0.0,0.3,0.0,0.3,1.0,0.5,0.0,1.0,0.0,0.534,0.166,0.958,0.365,0.448,0.0,0.0,0.291,0.188,0.189,0.487,0.362,0.216,0.36,0.441
S062,B42,Root Tea,Lemon Tea Blend,Pantry,Loose-leaf herbal tea,drink,Lemon; liquorice; chrysanthemum; goji berry,Resealable pouch,naturally caffeine-free,AIDS DIGESTION; DETOXES THE LIVER; IMPROVES HEART HEALTH; SUPPORTS EYE HEALTH,Health-oriented package wording → wellness interest only; do not infer a medical condition or treatment benefit.,0,0,0,0,0.3,1.0,0.0,0.4,0.3,0.0,0.3,0.0,1.0,0.22,0.478,0.0,0.084,0.0,0.0,0.0,0.815,0.0,0.247,0.138,0.392,0.232,0.128,0.104,0.344
S063,B43,Fever-Tree,Refreshingly Light Elderflower Tonic Water,Drinks,Tonic mixer,drink,Floral; subtly sweet; gentle bitterness,Multipack of cans,Low calorie; No artificial sweeteners,Refreshingly Light; LOW IN CALORIES; NO ARTIFICIAL SWEETENERS; FLORAL & SUBTLY SWEET; 18kcal per 100ml,LOW IN CALORIES → calorie-conscious shoppers; floral flavour → floral-drink preference.,0,0,0,1,1.0,0.0,0.0,0.0,0.5,0.7,0.6,0.0,0.784,0.444,1.0,0.0,0.61,0.13,0.929,0.89,0.278,0.0,0.437,0.675,0.657,0.687,0.634,0.711,0.619
S064,B44,Folc,English Sparkling Rosé NV,Alcoholic drinks,Sparkling rosé wine,drink,Rosé; sparkling; exact tasting notes not visible,Glass wine bottle,Contains alcohol,English Sparkling Rosé NV,English Sparkling Rosé → wine/celebration and provenance interests.,0,0,1,1,0.0,0.0,0.0,0.0,0.0,1.0,1.0,0.0,0.0,0.112,0.0,0.0,1.0,0.0,0.112,0.615,0.0,0.0,0.211,0.278,0.265,0.326,0.254,0.586,0.218
S065,B44,Folc,Dry English Rosé,Alcoholic drinks,Still rosé wine,drink,Dry; crisp; fresh,Glass wine bottle,Contains alcohol,Dry English Rosé; CRISPER; FRESHER; BRIGHTER,Dry English Rosé and CRISPER/FRESHER/BRIGHTER → dry/fresh wine preference.,0,0,1,1,0.0,0.0,0.0,0.0,0.5,1.0,0.5,0.0,0.0,0.31,0.0,0.0,0.882,0.0,0.31,1.0,0.846,0.0,0.519,0.512,0.425,0.454,0.466,0.769,0.36
S066,B45,Penrhos,Handcrafted Dry Gin,Alcoholic drinks,Gin,drink,Dry gin; blueberry botanical cue,Aluminium bottle,Contains alcohol,HANDCRAFTED; 100% RECYCLED ALUMINIUM; imperfectly perfect blueberries; REUSE REFILL RECYCLE,REUSE REFILL RECYCLE and recycled aluminium → packaging/reuse preference; HANDCRAFTED → craft-spirit interest.,0,0,1,1,0.0,0.0,0.0,0.0,0.5,1.0,0.8,0.0,0.0,0.3,0.179,0.0,0.976,0.0,0.103,0.567,0.0,1.0,0.482,0.346,0.353,0.42,0.314,0.594,0.24
S067,B46,Mission,Lemon & Ginseng Natural Energy Drink,Drinks,Tea-based energy drink,drink,Lemon; ginseng; green tea,Multipack of cans,No sugar; No sweeteners; Contains caffeine,"The world’s cleanest energy drink; NATURAL ENERGY & NOTHING ELSE; No sugar. No sweetener.; Low, slow-release caffeine; Added vitamins + nootropics; WITH GREEN TEA; AVOID THE CRASH",NATURAL ENERGY and nootropics → energy/focus positioning; No sugar → sugar-conscious shoppers.,0,0,0,1,1.0,0.0,1.0,0.5,0.0,0.0,0.3,0.0,0.804,0.401,1.0,0.0,0.0,0.506,0.292,0.0,0.82,0.0,0.285,0.269,0.581,0.398,0.29,0.119,0.419
S068,B47,Ombar,Pistachio Cream — 60% Dark Chocolate,Confectionery,Filled dark chocolate,sweet,Dark chocolate; pistachio cream,Wrapped bar,Organic; Contains pistachios,ORGANIC; ALL NATURAL; 60% DARK CHOCOLATE,ORGANIC → organic shoppers; 60% dark chocolate and pistachio cream → chocolate flavour preference.,0,0,0,0,0.0,0.0,0.0,0.0,0.0,0.3,1.0,0.0,0.21,0.0,0.501,0.0,0.948,0.0,1.0,0.185,0.0,0.839,0.358,0.318,0.462,0.374,0.308,0.427,0.206
S069,B48,Mr Filbert’s,Teriyaki Mochi Rice Bites,Snacks,Rice crackers,savoury,Teriyaki; sweet-savoury,Resealable pouch,"suitable for vegetarians, and gluten-free, though they contain soybean as an allergen",Japanese Inspired; NATURALLY DELICIOUS; Deliciously Crunchy,Japanese Inspired and teriyaki → flavour explorers; Deliciously Crunchy → texture preference.,0,1,0,0,0.0,0.0,0.3,0.0,0.3,1.0,0.5,0.0,0.077,0.0,0.635,0.167,0.267,0.368,0.574,1.0,0.0,0.0,0.343,0.471,0.355,0.439,0.468,0.607,0.441
S070,B49,NOMO,Caramel Choc Bar,Confectionery,Filled chocolate alternative,sweet,Chocolate; caramel,Wrapped bar,Plant-based; Dairy-free; Gluten-free; Nut-free; Egg-free,PLANT-POWERED; DAIRY FREE; GLUTEN FREE; NUT FREE; EGG FREE; NO MISSING OUT,PLANT-POWERED and named free-from claims → plant-based/free-from shoppers.,1,1,0,0,0.0,0.0,0.0,0.0,0.0,0.3,1.0,0.0,0.411,0.0,0.581,0.0,0.0,0.0,1.0,0.201,0.0,0.723,0.312,0.302,0.27,0.238,0.291,0.171,0.242
