borough,ons_code,inner_outer,population_2021,pop_18_34,share_18_34,watchhumans_users,watchhumans_users_per_1000,source
Barking and Dagenham,E09000002,outer,218863,51939,0.2373,95,0.434,census_2021; watchhumans_users synthetic
Barnet,E09000003,outer,389340,87851,0.2256,111,0.285,census_2021; watchhumans_users synthetic
Bexley,E09000004,outer,246473,50566,0.2052,67,0.272,census_2021; watchhumans_users synthetic
Brent,E09000005,outer,339818,91989,0.2707,99,0.291,census_2021; watchhumans_users synthetic
Bromley,E09000006,outer,329989,61047,0.185,71,0.215,census_2021; watchhumans_users synthetic
Camden,E09000007,inner,210134,70235,0.3342,120,0.571,census_2021; watchhumans_users synthetic
City of London,E09000001,inner,8579,3290,0.3835,73,8.509,census_2021; watchhumans_users synthetic
Croydon,E09000008,outer,390718,88452,0.2264,236,0.604,census_2021; watchhumans_users synthetic
Ealing,E09000009,outer,367122,91055,0.248,183,0.498,census_2021; watchhumans_users synthetic
Enfield,E09000010,outer,329986,70713,0.2143,92,0.279,census_2021; watchhumans_users synthetic
Greenwich,E09000011,outer,289067,77018,0.2664,129,0.446,census_2021; watchhumans_users synthetic
Hackney,E09000012,inner,259148,87251,0.3367,368,1.42,census_2021; watchhumans_users synthetic
Hammersmith and Fulham,E09000013,inner,183161,63019,0.3441,115,0.628,census_2021; watchhumans_users synthetic
Haringey,E09000014,inner,264234,71660,0.2712,120,0.454,census_2021; watchhumans_users synthetic
Harrow,E09000015,outer,261203,59045,0.2261,78,0.299,census_2021; watchhumans_users synthetic
Havering,E09000016,outer,262057,55472,0.2117,62,0.237,census_2021; watchhumans_users synthetic
Hillingdon,E09000017,outer,305916,71793,0.2347,83,0.271,census_2021; watchhumans_users synthetic
Hounslow,E09000018,outer,288181,68303,0.237,82,0.285,census_2021; watchhumans_users synthetic
Islington,E09000019,inner,216587,79788,0.3684,362,1.671,census_2021; watchhumans_users synthetic
Kensington and Chelsea,E09000020,inner,143376,40080,0.2795,202,1.409,census_2021; watchhumans_users synthetic
Kingston upon Thames,E09000021,outer,168064,38014,0.2262,35,0.208,census_2021; watchhumans_users synthetic
Lambeth,E09000022,inner,317662,114561,0.3606,211,0.664,census_2021; watchhumans_users synthetic
Lewisham,E09000023,inner,300554,83053,0.2763,156,0.519,census_2021; watchhumans_users synthetic
Merton,E09000024,outer,215188,51055,0.2373,159,0.739,census_2021; watchhumans_users synthetic
Newham,E09000025,inner,351039,109915,0.3131,289,0.823,census_2021; watchhumans_users synthetic
Redbridge,E09000026,outer,310260,72679,0.2343,105,0.338,census_2021; watchhumans_users synthetic
Richmond upon Thames,E09000027,outer,195278,33575,0.1719,116,0.594,census_2021; watchhumans_users synthetic
Southwark,E09000028,inner,307641,105813,0.3439,185,0.601,census_2021; watchhumans_users synthetic
Sutton,E09000029,outer,209640,40843,0.1948,56,0.267,census_2021; watchhumans_users synthetic
Tower Hamlets,E09000030,inner,310303,125486,0.4044,384,1.238,census_2021; watchhumans_users synthetic
Waltham Forest,E09000031,outer,278429,72195,0.2593,125,0.449,census_2021; watchhumans_users synthetic
Wandsworth,E09000032,inner,327506,115002,0.3511,271,0.827,census_2021; watchhumans_users synthetic
Westminster,E09000033,inner,204240,68546,0.3356,160,0.783,census_2021; watchhumans_users synthetic
