event_id,name,event_type,start,end,venue,borough,lat,lon,expected_attendance,indoor,audience_tags,stall_cost_gbp,link,source
E001,"Neighbourhood market stall day, Brockley Market",community,2026-10-10T11:00,2026-10-10T14:00,Brockley Market,Lewisham,51.4628,-0.0369,60,0,everyday_planner|smart_saver,10,,placeholder
E002,"DJ night, The Sebright Arms",concerts,2026-10-15T19:30,2026-10-15T23:30,The Sebright Arms,Tower Hamlets,51.5322,-0.0612,190,1,trend_enthusiast|experience_explorer,110,,placeholder
E003,"Bonfire night street party, Queen Elizabeth Olympic Park",festivals,2026-10-17T12:00,2026-10-17T19:00,Queen Elizabeth Olympic Park,Newham,51.543,-0.0164,190,0,impulse_buyer|experience_explorer,200,,placeholder
E004,"Winter street food night, Clapham Common",festivals,2026-10-18T12:00,2026-10-18T19:00,Clapham Common,Lambeth,51.4603,-0.1496,110,0,experience_explorer|impulse_buyer,110,,placeholder
E005,"Graduate careers fair, University campus, Mile End",expos,2026-10-19T10:00,2026-10-19T14:00,"University campus, Mile End",Tower Hamlets,51.5246,-0.04,190,1,smart_saver|trend_enthusiast,100,,placeholder
E006,"Live gig, The Shacklewell Arms",concerts,2026-10-24T19:30,2026-10-24T23:30,The Shacklewell Arms,Hackney,51.5511,-0.0738,90,1,experience_explorer|impulse_buyer,60,,placeholder
E007,"Tech meetup and demo night, Canary Wharf conference centre",conferences,2026-10-28T10:00,2026-10-28T17:00,Canary Wharf conference centre,Tower Hamlets,51.5054,-0.0235,90,1,on_the_go_shopper|trend_enthusiast,40,,placeholder
E008,"Rugby international screening, Big-screen pub, Brixton",sports,2026-10-31T19:45,2026-10-31T21:45,"Big-screen pub, Brixton",Lambeth,51.4613,-0.1156,130,1,wellness_seeker|on_the_go_shopper,20,,placeholder
E009,"Run club social and brunch, Islington community hall",community,2026-11-01T09:00,2026-11-01T12:00,Islington community hall,Islington,51.5416,-0.1022,70,1,everyday_planner|experience_explorer,50,,placeholder
E010,"Weekend AI hackathon, Here East",conferences,2026-11-03T10:00,2026-11-03T17:00,Here East,Newham,51.5466,-0.0226,140,1,on_the_go_shopper|trend_enthusiast,20,,placeholder
E011,"Small-batch food fair, Bermondsey community hall",expos,2026-11-05T10:00,2026-11-05T14:00,Bermondsey community hall,Southwark,51.498,-0.071,170,1,smart_saver|trend_enthusiast,30,,placeholder
E012,"Comedy night, Camden comedy club",performing_arts,2026-11-07T19:00,2026-11-07T21:30,Camden comedy club,Camden,51.539,-0.1426,50,1,experience_explorer|quality_seeker,50,,placeholder
E013,"DJ night, The Sebright Arms",concerts,2026-11-07T19:30,2026-11-07T23:30,The Sebright Arms,Tower Hamlets,51.5322,-0.0612,180,1,impulse_buyer|trend_enthusiast,110,,placeholder
E014,"Pottery workshop, Islington community hall",community,2026-11-08T09:00,2026-11-08T12:00,Islington community hall,Islington,51.5416,-0.1022,30,1,smart_saver|thoughtful_buyer,20,,placeholder
E015,"Startup summit, Canary Wharf conference centre",conferences,2026-11-10T10:00,2026-11-10T17:00,Canary Wharf conference centre,Tower Hamlets,51.5054,-0.0235,90,1,on_the_go_shopper|trend_enthusiast,10,,placeholder
E016,"Weekend AI hackathon, Canary Wharf conference centre",conferences,2026-11-10T10:00,2026-11-10T17:00,Canary Wharf conference centre,Tower Hamlets,51.5054,-0.0235,80,1,trend_enthusiast|on_the_go_shopper,40,,placeholder
E017,"Spoken word evening, Richmond Theatre",performing_arts,2026-11-12T19:00,2026-11-12T21:30,Richmond Theatre,Richmond upon Thames,51.4612,-0.3036,50,1,quality_seeker|experience_explorer,60,,placeholder
E018,"Spoken word evening, Southbank Centre",performing_arts,2026-11-13T18:30,2026-11-13T21:00,Southbank Centre,Lambeth,51.5058,-0.1167,40,1,experience_explorer|quality_seeker,50,,placeholder
E019,"Trail run meet-up, Battersea Park",sports,2026-11-15T09:00,2026-11-15T11:00,Battersea Park,Wandsworth,51.4791,-0.1569,120,0,wellness_seeker|experience_explorer,20,,placeholder
E020,"Acoustic night, The Sebright Arms",concerts,2026-11-19T19:30,2026-11-19T23:30,The Sebright Arms,Tower Hamlets,51.5322,-0.0612,150,1,trend_enthusiast|experience_explorer,40,,placeholder
E021,"Rugby international screening, Big-screen bar, Shoreditch",sports,2026-11-21T19:45,2026-11-21T21:45,"Big-screen bar, Shoreditch",Hackney,51.5246,-0.0784,160,1,wellness_seeker|on_the_go_shopper,40,,placeholder
E022,"Trail run meet-up, Battersea Park",sports,2026-11-22T09:00,2026-11-22T11:00,Battersea Park,Wandsworth,51.4791,-0.1569,180,0,wellness_seeker|on_the_go_shopper,20,,placeholder
E023,"Neighbourhood market stall day, Broadway Market",community,2026-11-22T09:00,2026-11-22T12:00,Broadway Market,Hackney,51.5367,-0.0618,150,0,everyday_planner|conscious_consumer,50,,placeholder
E024,"Graduate careers fair, Trinity Buoy Wharf",expos,2026-11-28T10:00,2026-11-28T14:00,Trinity Buoy Wharf,Tower Hamlets,51.5076,0.0083,110,1,trend_enthusiast|smart_saver,40,,placeholder
E025,"Cooking class, Maltby Street Market",community,2026-11-28T11:00,2026-11-28T14:00,Maltby Street Market,Southwark,51.4996,-0.0757,30,0,everyday_planner|smart_saver,20,,placeholder
E026,"Neighbourhood market stall day, Brockley Market",community,2026-11-29T09:00,2026-11-29T12:00,Brockley Market,Lewisham,51.4628,-0.0369,110,0,wellness_seeker|conscious_consumer,60,,placeholder
E027,"Spoken word evening, Southbank Centre",performing_arts,2026-12-03T19:00,2026-12-03T21:30,Southbank Centre,Lambeth,51.5058,-0.1167,140,1,experience_explorer|quality_seeker,20,,placeholder
E028,"Contemporary dance show, Hackney Empire",performing_arts,2026-12-04T18:30,2026-12-04T21:00,Hackney Empire,Hackney,51.5459,-0.0554,130,1,experience_explorer|quality_seeker,80,,placeholder
E029,"Cooking class, Ealing Common",community,2026-12-05T11:00,2026-12-05T14:00,Ealing Common,Ealing,51.5091,-0.2888,20,0,smart_saver|conscious_consumer,40,,placeholder
E030,"Student hackathon, King's Cross tech campus",conferences,2026-12-06T09:30,2026-12-06T16:30,King's Cross tech campus,Camden,51.5347,-0.1246,80,1,on_the_go_shopper|trend_enthusiast,10,,placeholder
E031,"Yoga morning, Ealing Common",community,2026-12-12T09:00,2026-12-12T12:00,Ealing Common,Ealing,51.5091,-0.2888,30,0,everyday_planner|quality_seeker,0,,placeholder
E032,"Neighbourhood food festival, Queen Elizabeth Olympic Park",festivals,2026-12-13T12:00,2026-12-13T19:00,Queen Elizabeth Olympic Park,Newham,51.543,-0.0164,190,0,experience_explorer|trend_enthusiast,190,,placeholder
E033,"Big-match screening, Big-screen pub, Brixton",sports,2026-12-16T19:45,2026-12-16T21:45,"Big-screen pub, Brixton",Lambeth,51.4613,-0.1156,60,1,wellness_seeker|everyday_planner,20,,placeholder
E034,"Comedy night, Southbank Centre",performing_arts,2026-12-17T18:30,2026-12-17T21:00,Southbank Centre,Lambeth,51.5058,-0.1167,50,1,experience_explorer|thoughtful_buyer,60,,placeholder
E035,"Small-batch food fair, University campus, Mile End",expos,2026-12-19T10:00,2026-12-19T14:00,"University campus, Mile End",Tower Hamlets,51.5246,-0.04,160,1,trend_enthusiast|smart_saver,100,,placeholder
E036,"Saturday 5K series, Victoria Park",sports,2026-12-20T09:00,2026-12-20T11:00,Victoria Park,Tower Hamlets,51.5362,-0.0396,40,0,wellness_seeker|on_the_go_shopper,20,,placeholder
