popup_id,date,weekday,start_time,event_type,event_name,borough,indoor,dwell_hours,temp_c,footfall,lineup,habit_lineup,staff,stops,units_given,signups,reviews,qualified_reviews,avg_rating,stall_fee_gbp,staff_cost_gbp,travel_gbp,total_cost_gbp,cost_per_signup_gbp,cost_per_qualified_review_gbp,split
P001,2024-04-20,Saturday,19:30,concerts,"Club night, Islington",Islington,1,4.0,17.4,642,B05|B34|B35|B36|B39,0,3,58,184,6,13,9,3.37,280,288.0,40,608.0,101.33,67.56,train
P002,2024-04-24,Wednesday,10:00,conferences,"Weekend AI hackathon, Westminster",Westminster,1,7.0,16.2,415,B02|B03|B04|B17|B26,1,2,185,578,64,122,110,3.96,30,288.0,40,358.0,5.59,3.25,train
P003,2024-05-09,Thursday,18:30,performing_arts,"Dance show, Hackney",Hackney,1,2.5,16.3,267,B10|B32|B37|B44|B48,0,2,36,111,9,15,8,3.62,130,144.0,40,314.0,34.89,39.25,train
P004,2024-05-30,Thursday,19:30,concerts,"Live gig, Islington",Islington,1,4.0,19.5,854,B02|B03|B04|B17|B26,1,3,74,252,11,12,12,3.97,270,288.0,40,598.0,54.36,49.83,train
P005,2024-06-01,Saturday,11:00,community,"Run club social, Merton",Merton,0,3.0,17.4,1617,B02|B22|B24|B26|B28,0,2,266,849,70,131,60,3.88,130,160.0,60,350.0,5.0,5.83,train
P006,2024-06-10,Monday,10:00,expos,"Freshers' fair, Tower Hamlets",Tower Hamlets,1,4.0,22.9,901,B05|B15|B37|B38|B41,0,3,147,497,60,101,62,3.53,230,288.0,40,558.0,9.3,9.0,train
P007,2024-07-03,Wednesday,11:00,expos,"Freshers' fair, Newham",Newham,1,4.0,24.5,726,B02|B03|B04|B17|B26,1,3,118,400,45,76,63,3.7,160,288.0,40,488.0,10.84,7.75,train
P008,2024-07-31,Wednesday,11:00,expos,"Societies fair, Westminster",Westminster,1,4.0,19.8,586,B02|B03|B04|B17|B26,1,3,97,318,31,59,49,3.86,100,288.0,40,428.0,13.81,8.73,train
P009,2024-08-04,Sunday,12:00,festivals,"Food and music festival, Tower Hamlets",Tower Hamlets,0,7.0,24.6,2932,B02|B08|B15|B17|B19,0,4,256,922,56,113,78,3.97,650,576.0,40,1266.0,22.61,16.23,train
P010,2024-08-10,Saturday,11:00,community,"Farmers' market, Croydon",Croydon,0,3.0,19.4,1335,B02|B03|B04|B17|B26,1,2,236,716,56,117,79,3.94,70,160.0,60,290.0,5.18,3.67,train
P011,2024-09-14,Saturday,12:00,festivals,"Summer music festival, Barking and Dagenham",Barking and Dagenham,0,7.0,18.7,3822,B02|B03|B04|B17|B26,1,4,295,940,56,129,111,3.89,520,576.0,60,1156.0,20.64,10.41,train
P012,2024-09-28,Saturday,19:45,sports,"10K race finish, Southwark",Southwark,0,2.0,19.1,619,B04|B14|B21|B35|B36,0,2,145,498,41,53,32,3.74,60,128.0,40,228.0,5.56,7.12,train
P013,2024-10-05,Saturday,09:00,community,"Family fun day, Lewisham",Lewisham,1,3.0,13.7,1258,B02|B03|B04|B17|B26,1,2,211,695,56,90,66,3.97,90,160.0,40,290.0,5.18,4.39,train
P014,2024-10-19,Saturday,09:00,sports,"Football screening, Hammersmith and Fulham",Hammersmith and Fulham,0,2.0,16.5,401,B02|B03|B04|B17|B26,1,2,98,344,26,36,31,3.85,20,128.0,40,188.0,7.23,6.06,train
P015,2024-11-17,Sunday,09:00,community,"Family fun day, Hackney",Hackney,0,3.0,6.8,1399,B02|B03|B04|B17|B26,1,2,220,736,47,94,63,3.79,140,160.0,40,340.0,7.23,5.4,train
P016,2024-11-24,Sunday,11:00,community,"Run club social, Southwark",Southwark,0,3.0,18.3,348,B08|B23|B26|B27|B40,0,2,63,224,18,30,16,3.98,100,160.0,40,300.0,16.67,18.75,train
P017,2024-12-20,Friday,19:30,concerts,"Club night, Hammersmith and Fulham",Hammersmith and Fulham,1,4.0,5.6,540,B02|B03|B04|B17|B26,1,3,54,181,4,8,8,3.94,290,288.0,40,618.0,154.5,77.25,train
P018,2024-12-26,Thursday,18:30,performing_arts,"Open-air theatre, Kensington and Chelsea",Kensington and Chelsea,0,2.5,9.0,517,B02|B03|B04|B17|B26,1,2,73,229,13,30,26,3.97,190,144.0,40,374.0,28.77,14.38,train
P019,2025-01-05,Sunday,09:00,community,"Farmers' market, Newham",Newham,0,3.0,8.4,602,B02|B03|B04|B17|B26,1,2,108,372,27,48,39,4.04,180,160.0,40,380.0,14.07,9.74,train
P020,2025-01-11,Saturday,19:30,concerts,"Live gig, Tower Hamlets",Tower Hamlets,1,4.0,9.1,1552,B02|B03|B04|B17|B26,1,3,161,530,30,69,63,4.09,340,288.0,40,668.0,22.27,10.6,train
P021,2025-02-01,Saturday,11:00,community,"Community street party, Hackney",Hackney,0,3.0,8.6,1544,B02|B03|B04|B17|B26,1,2,260,766,64,119,76,3.9,40,160.0,40,240.0,3.75,3.16,train
P022,2025-02-08,Saturday,11:00,community,"Weekend food market, Camden",Camden,0,3.0,8.0,1099,B02|B03|B04|B17|B26,1,2,215,711,51,79,54,3.93,100,160.0,40,300.0,5.88,5.56,train
P023,2025-03-01,Saturday,11:00,community,"Run club social, Ealing",Ealing,0,3.0,12.1,981,B04|B06|B15|B19|B47,0,2,195,616,51,86,64,3.84,60,160.0,60,280.0,5.49,4.38,train
P024,2025-03-09,Sunday,11:00,community,"Run club social, Hackney",Hackney,0,3.0,6.9,734,B02|B03|B04|B17|B26,1,2,130,435,29,58,39,3.93,100,160.0,40,300.0,10.34,7.69,train
P025,2025-04-09,Wednesday,09:30,conferences,"Tech conference, Tower Hamlets",Tower Hamlets,1,7.0,15.4,117,B02|B03|B04|B17|B26,1,2,51,162,25,47,41,3.72,110,288.0,40,438.0,17.52,10.68,train
P026,2025-04-13,Sunday,10:00,conferences,"Startup summit, Hackney",Hackney,1,7.0,14.3,517,B02|B03|B04|B17|B26,1,2,212,710,83,166,149,3.83,100,288.0,40,428.0,5.16,2.87,train
P027,2025-05-17,Saturday,11:00,expos,"Freshers' fair, Tower Hamlets",Tower Hamlets,1,4.0,15.3,2602,B02|B03|B04|B17|B26,1,3,460,1565,175,329,278,3.83,210,288.0,40,538.0,3.07,1.94,train
P028,2025-05-25,Sunday,11:00,community,"Community street party, Lambeth",Lambeth,0,3.0,15.3,618,B06|B14|B20|B28|B34,0,2,99,288,24,43,18,3.7,130,160.0,40,330.0,13.75,18.33,train
P029,2025-06-11,Wednesday,09:00,sports,"Football screening, Wandsworth",Wandsworth,0,2.0,18.5,1408,B07|B08|B14|B28|B48,0,2,247,863,83,108,39,3.56,60,128.0,40,228.0,2.75,5.85,train
P030,2025-06-21,Saturday,11:00,community,"Run club social, Merton",Merton,0,3.0,21.1,908,B03|B25|B26|B36|B40,0,2,167,541,48,79,48,3.6,50,160.0,60,270.0,5.62,5.62,train
P031,2025-07-12,Saturday,12:00,festivals,"Street festival, Croydon",Croydon,0,7.0,26.0,3333,B02|B03|B04|B17|B26,1,4,262,869,50,83,64,4.03,500,576.0,60,1136.0,22.72,17.75,train
P032,2025-07-26,Saturday,09:00,community,"Farmers' market, Merton",Merton,0,3.0,20.2,777,B15|B24|B41|B42|B46,0,2,140,454,34,56,23,3.68,130,160.0,60,350.0,10.29,15.22,train
P033,2025-08-15,Friday,19:00,performing_arts,"Dance show, Richmond upon Thames",Richmond upon Thames,1,2.5,27.4,528,B02|B03|B04|B17|B26,1,2,59,185,10,18,15,4.11,80,144.0,60,284.0,28.4,18.93,train
P034,2025-08-16,Saturday,11:00,community,"Community street party, Islington",Islington,0,3.0,22.8,529,B02|B03|B04|B17|B26,1,2,92,307,25,52,40,3.89,140,160.0,40,340.0,13.6,8.5,train
P035,2025-09-16,Tuesday,19:45,sports,"Rugby screening, Richmond upon Thames",Richmond upon Thames,0,2.0,17.1,646,B02|B03|B04|B17|B26,1,2,135,450,34,51,42,3.71,60,128.0,60,248.0,7.29,5.9,train
P036,2025-09-20,Saturday,19:45,sports,"Rugby screening, Wandsworth",Wandsworth,0,2.0,21.8,928,B02|B03|B04|B17|B26,1,2,200,646,64,93,79,3.67,110,128.0,40,278.0,4.34,3.52,train
P037,2025-10-05,Sunday,09:00,community,"Family fun day, Waltham Forest",Waltham Forest,0,3.0,10.3,1423,B24|B25|B38|B43|B49,0,2,256,917,65,113,64,3.58,170,160.0,60,390.0,6.0,6.09,train
P038,2025-10-25,Saturday,18:30,performing_arts,"Dance show, Kensington and Chelsea",Kensington and Chelsea,0,2.5,16.1,995,B02|B03|B04|B17|B26,1,2,116,414,30,57,51,4.04,60,144.0,40,244.0,8.13,4.78,train
P039,2025-11-15,Saturday,11:00,community,"Community street party, Croydon",Croydon,0,3.0,9.6,575,B02|B03|B04|B17|B26,1,2,108,350,26,43,30,4.07,130,160.0,60,350.0,13.46,11.67,train
P040,2025-11-20,Thursday,19:30,concerts,"Live gig, Lambeth",Lambeth,1,4.0,10.6,832,B02|B03|B04|B17|B26,1,3,76,219,14,24,22,4.16,190,288.0,40,518.0,37.0,23.55,train
P041,2025-12-27,Saturday,09:00,community,"Weekend food market, Newham",Newham,1,3.0,12.0,1347,B02|B03|B04|B17|B26,1,2,214,713,52,87,68,3.94,110,160.0,40,310.0,5.96,4.56,train
P042,2025-12-30,Tuesday,11:00,expos,"Lifestyle show, Newham",Newham,1,4.0,6.1,1458,B07|B17|B24|B29|B36,0,3,240,891,88,166,109,3.72,190,288.0,40,518.0,5.89,4.75,train
P043,2026-01-15,Thursday,19:00,performing_arts,"Dance show, Lambeth",Lambeth,1,2.5,6.0,495,B02|B03|B04|B17|B26,1,2,75,228,17,34,26,4.05,130,144.0,40,314.0,18.47,12.08,train
P044,2026-01-25,Sunday,11:00,community,"Community street party, Islington",Islington,0,3.0,6.8,1995,B02|B05|B32|B42|B43,0,2,295,908,78,133,84,3.81,170,160.0,40,370.0,4.74,4.4,train
P045,2026-02-07,Saturday,19:00,performing_arts,"Dance show, Camden",Camden,1,2.5,8.3,257,B22|B33|B39|B41|B47,0,2,16,56,1,1,1,4.48,70,144.0,40,254.0,254.0,254.0,train
P046,2026-02-19,Thursday,10:00,conferences,"Startup summit, Newham",Newham,1,7.0,11.1,125,B02|B03|B04|B17|B26,1,2,53,167,19,37,34,3.83,150,288.0,40,478.0,25.16,14.06,train
P047,2026-03-19,Thursday,19:30,concerts,"DJ night, Southwark",Southwark,1,4.0,13.2,392,B09|B19|B20|B21|B33,0,3,40,114,7,16,9,3.57,400,288.0,40,728.0,104.0,80.89,train
P048,2026-03-20,Friday,19:30,concerts,"Club night, Hackney",Hackney,1,4.0,8.3,1747,B02|B03|B04|B17|B26,1,3,191,636,31,56,46,4.05,150,288.0,40,478.0,15.42,10.39,train
P049,2026-04-05,Sunday,10:00,conferences,"Weekend AI hackathon, Hackney",Hackney,1,7.0,15.9,740,B02|B03|B04|B17|B26,1,2,351,1188,149,283,264,3.81,70,288.0,40,398.0,2.67,1.51,test
P050,2026-04-18,Saturday,19:00,performing_arts,"Comedy night, Lambeth",Lambeth,0,2.5,14.1,345,B02|B03|B04|B17|B26,1,2,42,143,9,13,12,4.32,130,144.0,40,314.0,34.89,26.17,test
P051,2026-05-03,Sunday,12:00,festivals,"Summer music festival, Greenwich",Greenwich,0,7.0,18.8,2903,B02|B03|B04|B17|B26,1,4,245,832,48,101,86,4.07,620,576.0,60,1256.0,26.17,14.6,test
P052,2026-05-30,Saturday,09:00,community,"Farmers' market, Haringey",Haringey,0,3.0,16.9,737,B02|B03|B04|B17|B26,1,2,142,485,31,66,52,3.97,80,160.0,40,280.0,9.03,5.38,test
P053,2026-06-06,Saturday,11:00,expos,"Freshers' fair, Kensington and Chelsea",Kensington and Chelsea,1,4.0,27.5,2905,B07|B24|B26|B42|B46,0,3,507,1664,214,413,270,3.95,100,288.0,40,428.0,2.0,1.59,test
P054,2026-06-11,Thursday,10:00,expos,"Lifestyle show, Islington",Islington,1,4.0,20.3,1968,B02|B03|B04|B17|B26,1,3,353,1039,142,280,220,3.84,180,288.0,40,508.0,3.58,2.31,test
P055,2026-07-10,Friday,18:30,performing_arts,"Dance show, Lambeth",Lambeth,1,2.5,24.7,694,B03|B04|B14|B28|B37,0,2,82,269,25,45,23,3.7,100,144.0,40,284.0,11.36,12.35,test
P056,2026-07-26,Sunday,09:00,community,"Run club social, Croydon",Croydon,0,3.0,25.2,1742,B02|B03|B04|B17|B26,1,2,328,1081,82,144,99,3.96,130,160.0,60,350.0,4.27,3.54,test
P057,2026-08-11,Tuesday,17:00,sports,"Rugby screening, Richmond upon Thames",Richmond upon Thames,1,2.0,23.9,860,B02|B03|B04|B17|B26,1,2,163,505,41,71,59,3.77,20,128.0,60,208.0,5.07,3.53,test
P058,2026-08-12,Wednesday,10:00,conferences,"Tech conference, Islington",Islington,1,7.0,21.6,797,B02|B03|B04|B17|B26,1,2,347,1017,133,256,227,3.83,20,288.0,40,348.0,2.62,1.53,test
P059,2026-09-26,Saturday,09:00,community,"Community street party, Ealing",Ealing,0,3.0,23.9,1854,B02|B03|B04|B17|B26,1,2,310,937,65,121,85,3.9,30,160.0,60,250.0,3.85,2.94,test
P060,2026-09-29,Tuesday,10:00,conferences,"Student hackathon, City of London",City of London,1,7.0,23.3,556,B02|B03|B04|B17|B26,1,2,245,828,116,242,222,3.83,20,288.0,40,348.0,3.0,1.57,test
