term,wellness_seeker,trend_enthusiast,thoughtful_buyer,smart_saver,quality_seeker,on_the_go_shopper,impulse_buyer,experience_explorer,everyday_planner,conscious_consumer
Gluten-free shoppers,0.6,0,0.5,0,0,0,0,0,0.4,0
Savoury snackers,0,0,0,0.3,0,0.5,0.7,0,0,0
Plant-based shoppers,0.6,0,0,0,0,0,0,0,0,0.8
Sugar-conscious shoppers,0.8,0,0.5,0,0,0,0,0,0,0
Mindful snackers,0.7,0,0.6,0,0,0,0,0,0,0
Sweet treat seekers,0,0,0,0,0,0,0.8,0.3,0,0
Functional wellness shoppers,0.9,0.5,0,0,0,0,0,0,0,0
Home cooks,0,0,0,0,0.5,0,0,0.4,0.7,0
Cocktail enthusiasts,0,0.5,0,0,0.6,0,0,0.8,0,0
Protein seekers,0.7,0,0,0,0,0.5,0,0,0,0
Fibre seekers,0.7,0,0.4,0,0,0,0,0,0,0
Eco-conscious shoppers,0,0,0.4,0,0,0,0,0,0,1
Organic shoppers,0.5,0,0,0,0.6,0,0,0,0,0.7
Calorie-conscious shoppers,0.7,0,0,0,0,0,0,0,0.4,0
Focus-oriented shoppers,0.3,0.4,0,0,0,0.6,0,0,0,0
Ethical shoppers,0,0,0.5,0,0,0,0,0,0,0.9
Meat snackers,0,0,0,0,0,0.5,0.5,0,0,0
Tea drinkers,0.3,0,0.5,0,0,0,0,0,0.5,0
Fruit-drink explorers,0,0.5,0,0,0,0,0,0.6,0,0
Food explorers,0,0,0,0,0.5,0,0,1,0,0
Spice lovers,0,0.4,0,0,0,0,0,0.8,0,0
Outdoor socialisers,0,0,0,0,0,0,0.4,0.7,0,0
Caffeine reducers,0.7,0,0.4,0,0,0,0,0,0,0
Adult beer drinkers,0,0,0,0,0,0,0.5,0.5,0,0
Alcohol-free socialisers,0.6,0.6,0,0,0,0,0,0,0,0
Botanical drink explorers,0,0,0,0,0.6,0,0,0.7,0,0
Citrus flavour seekers,0,0,0,0,0,0,0.3,0.5,0,0
Adult CBD shoppers,0.6,0.6,0,0,0,0,0,0,0,0
Free-from shoppers,0.5,0,0.7,0,0,0,0,0,0,0
Wind-down ritual shoppers,0.7,0,0,0,0,0,0,0,0.4,0
Adult wine drinkers,0,0,0,0,0.7,0,0,0.5,0,0
Fruit snackers,0.5,0,0,0.3,0,0,0,0,0.4,0
Ingredient-conscious shoppers,0.5,0,0.8,0,0,0,0,0,0,0
Coffee-alternative shoppers,0.6,0.5,0,0,0,0,0,0,0,0
Refreshment seekers,0,0,0,0,0,0.6,0.4,0,0,0
Matcha flavour fans,0.4,0.8,0,0,0,0,0,0,0,0
Carb-conscious shoppers,0.7,0,0,0,0,0,0,0,0.4,0
On-the-go shoppers,0,0,0,0,0,1,0,0,0,0
Coffee drinkers,0,0,0,0,0,0.7,0,0,0.4,0
Fitness-oriented shoppers,0.9,0,0,0,0,0.4,0,0,0,0
Community-minded shoppers,0,0,0,0,0,0,0,0.3,0,0.7
Nut snackers,0.5,0,0,0,0.4,0,0,0,0,0
Floral flavour seekers,0,0,0,0,0.5,0,0,0.6,0,0
Gift shoppers,0,0,0,0,0.7,0,0,0.5,0,0
Adult spirits drinkers,0,0,0,0,0.7,0,0,0.6,0,0
Energy-drink shoppers,0,0.3,0,0,0,0.7,0.6,0,0,0
Chocolate enthusiasts,0,0,0,0,0.6,0,0.6,0,0,0
