event_id,title,description,category,start_local,end_local,longitude,latitude,rank,local_rank,phq_attendance,predicted_event_spend,phq_labels,event_health_consciousness,event_novelty_seeking,event_social_influence,event_price_sensitivity,event_quality_orientation,event_convenience_orientation,event_impulsivity,event_experience_seeking,event_planning_orientation,event_sustainability_orientation,wellness_seeker_score,trend_enthusiast_score,thoughtful_buyer_score,smart_saver_score,quality_seeker_score,on_the_go_shopper_score,impulse_buyer_score,experience_explorer_score,everyday_planner_score,conscious_consumer_score,primary_archetype,secondary_archetype,behaviour_evidence
3Jyn4fRsEkXf3Ba9SQ,Crossover Service,"Sourced from predicthq.com - New Year’s Eve crossover service with worship, prayer, and thanksgiving as we transition into the new year.",concerts,2026-12-31 21:00:00,2026-12-31 23:59:00,0.03868599999998423,51.493084,28,40,81.0,2141,['other'],0.5,0.582,0.557,0.5,0.5,0.5,0.5,0.574,0.5,0.5,0.928,0.934,0.927,0.931,0.929,0.932,0.935,0.933,0.929,0.928,impulse_buyer,trend_enthusiast,"{""health_consciousness"": [], ""novelty_seeking"": [{""source"": ""category"", ""match"": ""concerts"", ""amount"": 0.1}, {""source"": ""description"", ""match"": ""new"", ""amount"": 0.08}], ""social_influence"": [{""source"": ""category"", ""match"": ""concerts"", ""amount"": 0.12}], ""price_sensitivity"": [], ""quality_orientation"": [], ""convenience_orientation"": [], ""impulsivity"": [], ""experience_seeking"": [{""source"": ""category"", ""match"": ""concerts"", ""amount"": 0.16}], ""planning_orientation"": [], ""sustainability_orientation"": []}"
gDLK5ug4Ziq8cFfxHL,New Year's Eve Celebration 2026,Sourced from predicthq.com - Join us for another inspiring time of soul lifting worship and joyful celebration as we usher in the New Year 2027,concerts,2026-12-31 21:00:00,2026-12-31 21:00:00,-3.4031212,55.9560319,33,55,144.0,3093,"['hip-hop-and-rnb-and-soul', 'other']",0.5,0.698,0.655,0.5,0.5,0.5,0.5,0.649,0.529,0.5,0.904,0.911,0.902,0.905,0.904,0.906,0.91,0.909,0.902,0.904,trend_enthusiast,impulse_buyer,"{""health_consciousness"": [], ""novelty_seeking"": [{""source"": ""phq_label"", ""match"": ""hip-hop-and-rnb-and-soul"", ""amount"": 0.165}, {""source"": ""category"", ""match"": ""concerts"", ""amount"": 0.1}, {""source"": ""title"", ""match"": ""new"", ""amount"": 0.16}, {""source"": ""description"", ""match"": ""new"", ""amount"": 0.08}], ""social_influence"": [{""source"": ""phq_label"", ""match"": ""hip-hop-and-rnb-and-soul"", ""amount"": 0.193}, {""source"": ""category"", ""match"": ""concerts"", ""amount"": 0.12}, {""source"": ""entity_names"", ""match"": ""community"", ""amount"": 0.06}], ""price_sensitivity"": [], ""quality_orientation"": [], ""convenience_orientation"": [], ""impulsivity"": [], ""experience_seeking"": [{""source"": ""phq_label"", ""match"": ""hip-hop-and-rnb-and-soul"", ""amount"": 0.193}, {""source"": ""category"", ""match"": ""concerts"", ""amount"": 0.16}], ""planning_orientation"": [{""source"": ""entity_names"", ""match"": ""community"", ""amount"": 0.06}], ""sustainability_orientation"": []}"
7b8E7AQgCweNjFVt8a,Forge Comedy Club New Years Eve Special,Sourced from predicthq.com - The Forge Comedy Club seeing out 2026 in style,performing-arts,2026-12-31 20:00:00,2026-12-31 23:00:00,-0.138464,50.8293368,33,41,147.0,3363,"['celebration', 'comedy-club', 'community-event']",0.5,0.574,0.5,0.5,0.548,0.5,0.5,0.574,0.5,0.5,0.937,0.942,0.937,0.941,0.938,0.942,0.944,0.942,0.938,0.938,impulse_buyer,trend_enthusiast,"{""health_consciousness"": [], ""novelty_seeking"": [{""source"": ""title"", ""match"": ""new"", ""amount"": 0.16}], ""social_influence"": [], ""price_sensitivity"": [], ""quality_orientation"": [{""source"": ""category"", ""match"": ""performing-arts"", ""amount"": 0.1}], ""convenience_orientation"": [], ""impulsivity"": [], ""experience_seeking"": [{""source"": ""category"", ""match"": ""performing-arts"", ""amount"": 0.16}], ""planning_orientation"": [], ""sustainability_orientation"": []}"
8XtwTCsUgQz3PDsMdR,Hogmanay ceilidh,"Sourced from predicthq.com - With caller Ken Gourlay and ceilidh band. Soft drinks £1, alcohol £3. All dances walked through and called. Good exercise and great fun.",performing-arts,2026-12-31 19:00:00,2026-12-31 21:30:00,-3.2051024,55.9496425,32,44,129.0,3095,"['general-theatre', 'concert', 'lifestyle']",0.5,0.5,0.5,0.5,0.548,0.5,0.5,0.574,0.5,0.5,0.934,0.937,0.934,0.938,0.935,0.938,0.94,0.937,0.936,0.934,impulse_buyer,smart_saver,"{""health_consciousness"": [], ""novelty_seeking"": [], ""social_influence"": [], ""price_sensitivity"": [], ""quality_orientation"": [{""source"": ""category"", ""match"": ""performing-arts"", ""amount"": 0.1}], ""convenience_orientation"": [], ""impulsivity"": [], ""experience_seeking"": [{""source"": ""category"", ""match"": ""performing-arts"", ""amount"": 0.16}], ""planning_orientation"": [], ""sustainability_orientation"": []}"
8sUquxZwjc4zN2nw6z,Frank Sinatra Tribute - New Year's Eve Celebration,Sourced from predicthq.com - Ring in the New Year with swingin’ Sinatra tunes and good vibes at our live tribute bash!,community,2026-12-31 19:00:00,2026-12-31 23:59:00,-0.398704,54.281534,30,43,100.0,1342,[],0.5,0.607,0.538,0.5,0.5,0.5,0.5,0.5,0.538,0.529,0.934,0.938,0.934,0.938,0.934,0.939,0.94,0.938,0.936,0.935,impulse_buyer,on_the_go_shopper,"{""health_consciousness"": [], ""novelty_seeking"": [{""source"": ""title"", ""match"": ""new"", ""amount"": 0.16}, {""source"": ""description"", ""match"": ""new"", ""amount"": 0.08}], ""social_influence"": [{""source"": ""category"", ""match"": ""community"", ""amount"": 0.08}], ""price_sensitivity"": [], ""quality_orientation"": [], ""convenience_orientation"": [], ""impulsivity"": [], ""experience_seeking"": [], ""planning_orientation"": [{""source"": ""category"", ""match"": ""community"", ""amount"": 0.08}], ""sustainability_orientation"": [{""source"": ""category"", ""match"": ""community"", ""amount"": 0.06}]}"
Ce8dfnXeUs5irJgCim,"Whitney Houston Tribute Night - Shirley, Solihull","Sourced from predicthq.com - Whitney Houston Tribute Night – New Year’s Eve Special
Celebrate New Year’s Eve in style with an unforgettable Whitney Houston Tribute Night",community,2026-12-31 19:00:00,2026-12-31 23:59:00,-1.8288193,52.4127138,30,47,100.0,1247,['music'],0.5,0.649,0.668,0.5,0.5,0.5,0.576,0.678,0.538,0.529,0.899,0.906,0.897,0.899,0.899,0.9,0.905,0.904,0.897,0.898,trend_enthusiast,impulse_buyer,"{""health_consciousness"": [], ""novelty_seeking"": [{""source"": ""phq_label"", ""match"": ""music"", ""amount"": 0.275}, {""source"": ""description"", ""match"": ""new"", ""amount"": 0.08}], ""social_influence"": [{""source"": ""phq_label"", ""match"": ""music"", ""amount"": 0.33}, {""source"": ""category"", ""match"": ""community"", ""amount"": 0.08}], ""price_sensitivity"": [], ""quality_orientation"": [], ""convenience_orientation"": [], ""impulsivity"": [{""source"": ""phq_label"", ""match"": ""music"", ""amount"": 0.165}], ""experience_seeking"": [{""source"": ""phq_label"", ""match"": ""music"", ""amount"": 0.44}], ""planning_orientation"": [{""source"": ""category"", ""match"": ""community"", ""amount"": 0.08}], ""sustainability_orientation"": [{""source"": ""category"", ""match"": ""community"", ""amount"": 0.06}]}"
PnfMdhNHZxFX9emZhA,Neon Nights and New Year Lights,Sourced from predicthq.com - Celebrate New Year’s Eve in true 80s style at Oxen Bar & Grill with the vibrant Neon Nights & New Year’s Lights party. Starting from 7:30 pm,festivals,2026-12-31 19:00:00,2027-01-01 01:00:00,-1.3011856,51.6197333,35,60,174.0,4077,['educational'],0.5,0.651,0.599,0.5,0.5,0.5,0.538,0.582,0.5,0.5,0.916,0.923,0.914,0.918,0.916,0.92,0.923,0.921,0.915,0.916,trend_enthusiast,impulse_buyer,"{""health_consciousness"": [], ""novelty_seeking"": [{""source"": ""category"", ""match"": ""festivals"", ""amount"": 0.12}, {""source"": ""title"", ""match"": ""new"", ""amount"": 0.16}, {""source"": ""description"", ""match"": ""new"", ""amount"": 0.08}], ""social_influence"": [{""source"": ""category"", ""match"": ""festivals"", ""amount"": 0.14}, {""source"": ""description"", ""match"": ""party"", ""amount"": 0.08}], ""price_sensitivity"": [], ""quality_orientation"": [], ""convenience_orientation"": [], ""impulsivity"": [{""source"": ""category"", ""match"": ""festivals"", ""amount"": 0.08}], ""experience_seeking"": [{""source"": ""category"", ""match"": ""festivals"", ""amount"": 0.18}], ""planning_orientation"": [], ""sustainability_orientation"": []}"
YShrZnmVUMEoA6U2nG,NYE - Charlies Loft + Simple Minded / Deacon Blues + DJ,"Sourced from predicthq.com - THIS NEW YEAR’S EVE, WE’RE GOING OUT WITH A BANG!",concerts,2026-12-31 19:00:00,2027-01-01 02:00:00,-4.31887,55.94025,36,56,192.0,8478,['jazz-and-classical'],0.5,0.582,0.622,0.5,0.5,0.5,0.5,0.574,0.5,0.5,0.922,0.927,0.92,0.924,0.922,0.925,0.928,0.926,0.921,0.921,impulse_buyer,trend_enthusiast,"{""health_consciousness"": [], ""novelty_seeking"": [{""source"": ""category"", ""match"": ""concerts"", ""amount"": 0.1}, {""source"": ""description"", ""match"": ""new"", ""amount"": 0.08}], ""social_influence"": [{""source"": ""category"", ""match"": ""concerts"", ""amount"": 0.12}, {""source"": ""title"", ""match"": ""dj"", ""amount"": 0.16}], ""price_sensitivity"": [], ""quality_orientation"": [], ""convenience_orientation"": [], ""impulsivity"": [], ""experience_seeking"": [{""source"": ""category"", ""match"": ""concerts"", ""amount"": 0.16}], ""planning_orientation"": [], ""sustainability_orientation"": []}"
7uBS8NKp8gExokUz3w,80's V 90's NEW YEARS EVE PARTY,Sourced from predicthq.com - with BETH REDDY and LIVE BAND,community,2026-12-31 18:45:00,2026-12-31 18:45:00,-2.587257,51.505733,30,47,100.0,1485,"['music', 'wellness']",0.617,0.63,0.668,0.5,0.538,0.5,0.541,0.601,0.538,0.577,0.926,0.931,0.923,0.924,0.925,0.926,0.93,0.929,0.922,0.925,trend_enthusiast,impulse_buyer,"{""health_consciousness"": [{""source"": ""phq_label"", ""match"": ""wellness"", ""amount"": 0.267}], ""novelty_seeking"": [{""source"": ""phq_label"", ""match"": ""music"", ""amount"": 0.142}, {""source"": ""title"", ""match"": ""new"", ""amount"": 0.16}], ""social_influence"": [{""source"": ""phq_label"", ""match"": ""music"", ""amount"": 0.17}, {""source"": ""category"", ""match"": ""community"", ""amount"": 0.08}, {""source"": ""title"", ""match"": ""party"", ""amount"": 0.16}], ""price_sensitivity"": [], ""quality_orientation"": [{""source"": ""phq_label"", ""match"": ""wellness"", ""amount"": 0.08}], ""convenience_orientation"": [], ""impulsivity"": [{""source"": ""phq_label"", ""match"": ""music"", ""amount"": 0.085}], ""experience_seeking"": [{""source"": ""phq_label"", ""match"": ""music"", ""amount"": 0.227}], ""planning_orientation"": [{""source"": ""category"", ""match"": ""community"", ""amount"": 0.08}], ""sustainability_orientation"": [{""source"": ""phq_label"", ""match"": ""wellness"", ""amount"": 0.107}, {""source"": ""category"", ""match"": ""community"", ""amount"": 0.06}]}"
Bv2BQKFxSyyw8Mk8mL,Waiting List for Walk The Big One for Shelter 2026,Sourced from predicthq.com - Register your interest for an escorted climb to the 235ft summit of one of Europe's tallest rollercoasters to fundraise for Shelter in 2026.,community,2026-12-31 18:00:00,2026-12-31 18:00:00,-3.0552927,53.79233,30,44,100.0,1271,[],0.5,0.5,0.538,0.5,0.5,0.5,0.5,0.5,0.538,0.529,0.931,0.933,0.932,0.936,0.931,0.936,0.936,0.933,0.934,0.932,smart_saver,on_the_go_shopper,"{""health_consciousness"": [], ""novelty_seeking"": [], ""social_influence"": [{""source"": ""category"", ""match"": ""community"", ""amount"": 0.08}], ""price_sensitivity"": [], ""quality_orientation"": [], ""convenience_orientation"": [], ""impulsivity"": [], ""experience_seeking"": [], ""planning_orientation"": [{""source"": ""category"", ""match"": ""community"", ""amount"": 0.08}], ""sustainability_orientation"": [{""source"": ""category"", ""match"": ""community"", ""amount"": 0.06}]}"
HUyAGY6ozjfMzG72Q2,New Years Eve Moonlight Sonata by Candlelight,Sourced from predicthq.com - Bring in the new year with an exceptional candlelit classical performance in the beautiful candlelit setting of St James Piccadilly.,concerts,2026-12-31 16:00:00,2026-12-31 17:00:00,-0.1366625,51.5087276,31,39,117.0,3638,['jazz-and-classical'],0.5,0.644,0.557,0.5,0.5,0.5,0.5,0.574,0.5,0.5,0.925,0.931,0.923,0.927,0.925,0.928,0.932,0.93,0.924,0.925,impulse_buyer,trend_enthusiast,"{""health_consciousness"": [], ""novelty_seeking"": [{""source"": ""category"", ""match"": ""concerts"", ""amount"": 0.1}, {""source"": ""title"", ""match"": ""new"", ""amount"": 0.16}, {""source"": ""description"", ""match"": ""new"", ""amount"": 0.08}], ""social_influence"": [{""source"": ""category"", ""match"": ""concerts"", ""amount"": 0.12}], ""price_sensitivity"": [], ""quality_orientation"": [], ""convenience_orientation"": [], ""impulsivity"": [], ""experience_seeking"": [{""source"": ""category"", ""match"": ""concerts"", ""amount"": 0.16}], ""planning_orientation"": [], ""sustainability_orientation"": []}"
DeY7oMJ4B4L95QhJXd,"Viennese Christmas Spectacular by Candlelight - 31st Dec, Liverpool",Sourced from predicthq.com - Step into an evening of candlelit excitement with London Concertante.,performing-arts,2026-12-31 15:00:00,2026-12-31 17:00:00,-2.979912799999999,53.4086367,34,47,151.0,3441,['family-theatre'],0.5,0.5,0.5,0.5,0.548,0.5,0.5,0.574,0.5,0.5,0.934,0.937,0.934,0.938,0.935,0.938,0.94,0.937,0.936,0.934,impulse_buyer,smart_saver,"{""health_consciousness"": [], ""novelty_seeking"": [], ""social_influence"": [], ""price_sensitivity"": [], ""quality_orientation"": [{""source"": ""category"", ""match"": ""performing-arts"", ""amount"": 0.1}], ""convenience_orientation"": [], ""impulsivity"": [], ""experience_seeking"": [{""source"": ""category"", ""match"": ""performing-arts"", ""amount"": 0.16}], ""planning_orientation"": [], ""sustainability_orientation"": []}"
7YRdmoXK3b6RZXLKnD,UB40 / Reggae Tribute Night - Longbridge,"Sourced from predicthq.com - UB40 & Reggae Night – Ultimate 40 Band | New Year’s Eve
Ring in 2026 in style at our UB40 & Reggae Tribute Night with the fantastic Ultimate",community,2026-12-31 10:00:00,2026-12-31 23:59:00,-1.9821534000000156,52.3975887,30,46,100.0,1333,['music'],0.5,0.649,0.668,0.5,0.5,0.5,0.576,0.678,0.538,0.529,0.899,0.906,0.897,0.899,0.899,0.9,0.905,0.904,0.897,0.898,trend_enthusiast,impulse_buyer,"{""health_consciousness"": [], ""novelty_seeking"": [{""source"": ""phq_label"", ""match"": ""music"", ""amount"": 0.275}, {""source"": ""description"", ""match"": ""new"", ""amount"": 0.08}], ""social_influence"": [{""source"": ""phq_label"", ""match"": ""music"", ""amount"": 0.33}, {""source"": ""category"", ""match"": ""community"", ""amount"": 0.08}], ""price_sensitivity"": [], ""quality_orientation"": [], ""convenience_orientation"": [], ""impulsivity"": [{""source"": ""phq_label"", ""match"": ""music"", ""amount"": 0.165}], ""experience_seeking"": [{""source"": ""phq_label"", ""match"": ""music"", ""amount"": 0.44}], ""planning_orientation"": [{""source"": ""category"", ""match"": ""community"", ""amount"": 0.08}], ""sustainability_orientation"": [{""source"": ""category"", ""match"": ""community"", ""amount"": 0.06}]}"
FvqmmDfNzyDbZMbchz,Nutcracker Suite and Rachmaninov  at Christmas by Candlelight,Sourced from predicthq.com - Enjoy an exceptional candlelit classical performance this Christmas in the beautiful candlelit setting of Llandaff Cathedral.,concerts,2026-12-30 19:30:00,2026-12-30 21:15:00,-3.2178057,51.4957372,36,51,199.0,4557,"['other', 'jazz-and-classical']",0.5,0.548,0.557,0.5,0.5,0.5,0.5,0.574,0.5,0.5,0.928,0.933,0.927,0.931,0.928,0.932,0.935,0.932,0.929,0.928,impulse_buyer,trend_enthusiast,"{""health_consciousness"": [], ""novelty_seeking"": [{""source"": ""category"", ""match"": ""concerts"", ""amount"": 0.1}], ""social_influence"": [{""source"": ""category"", ""match"": ""concerts"", ""amount"": 0.12}], ""price_sensitivity"": [], ""quality_orientation"": [], ""convenience_orientation"": [], ""impulsivity"": [], ""experience_seeking"": [{""source"": ""category"", ""match"": ""concerts"", ""amount"": 0.16}], ""planning_orientation"": [], ""sustainability_orientation"": []}"
FBvn8Sq6rYA8Y8Qk5J,Rumble Wrestling comes to Ditton for a Christmas Cracker,Sourced from predicthq.com - Rumble Wrestling return to Ditton Community Centre  for their annual  Christmas Cracker visit - a show for all the family,concerts,2026-12-30 15:00:00,2026-12-30 17:15:00,0.4525425,51.2944015,30,51,96.0,2441,['other'],0.5,0.548,0.591,0.5,0.5,0.5,0.5,0.574,0.574,0.5,0.929,0.934,0.929,0.933,0.93,0.933,0.935,0.933,0.931,0.929,impulse_buyer,trend_enthusiast,"{""health_consciousness"": [], ""novelty_seeking"": [{""source"": ""category"", ""match"": ""concerts"", ""amount"": 0.1}], ""social_influence"": [{""source"": ""category"", ""match"": ""concerts"", ""amount"": 0.12}, {""source"": ""description"", ""match"": ""community"", ""amount"": 0.08}], ""price_sensitivity"": [], ""quality_orientation"": [], ""convenience_orientation"": [], ""impulsivity"": [], ""experience_seeking"": [{""source"": ""category"", ""match"": ""concerts"", ""amount"": 0.16}], ""planning_orientation"": [{""source"": ""description"", ""match"": ""community"", ""amount"": 0.08}, {""source"": ""description"", ""match"": ""family"", ""amount"": 0.08}], ""sustainability_orientation"": []}"
GmgS5GRZZiMvHAKCCX,Aladdin: Brighton's Family Pantomime,Sourced from predicthq.com - Brighton's Biggest Family Panto proudly presents Aladdin 2026,performing-arts,2026-12-30 14:00:00,2026-12-30 16:00:00,-0.14884910000000673,50.82218049999999,31,38,118.0,2623,['circus'],0.5,0.5,0.5,0.5,0.548,0.5,0.5,0.574,0.607,0.5,0.938,0.94,0.939,0.942,0.939,0.942,0.942,0.94,0.941,0.938,smart_saver,on_the_go_shopper,"{""health_consciousness"": [], ""novelty_seeking"": [], ""social_influence"": [], ""price_sensitivity"": [], ""quality_orientation"": [{""source"": ""category"", ""match"": ""performing-arts"", ""amount"": 0.1}], ""convenience_orientation"": [], ""impulsivity"": [], ""experience_seeking"": [{""source"": ""category"", ""match"": ""performing-arts"", ""amount"": 0.16}], ""planning_orientation"": [{""source"": ""title"", ""match"": ""family"", ""amount"": 0.16}, {""source"": ""description"", ""match"": ""family"", ""amount"": 0.08}], ""sustainability_orientation"": []}"
8y98VJEiLydu4UJfay,The Tumbling Paddies,Sourced from predicthq.com - The six-piece band from Co Fermanagh are set to take over Armagh City for an unmissable show on Tuesday 29th December!!,concerts,2026-12-29 21:00:00,2026-12-29 23:00:00,-6.6507863,54.3447605,33,55,136.0,2845,[],0.5,0.548,0.557,0.5,0.5,0.5,0.5,0.574,0.5,0.5,0.928,0.933,0.927,0.931,0.928,0.932,0.935,0.932,0.929,0.928,impulse_buyer,trend_enthusiast,"{""health_consciousness"": [], ""novelty_seeking"": [{""source"": ""category"", ""match"": ""concerts"", ""amount"": 0.1}], ""social_influence"": [{""source"": ""category"", ""match"": ""concerts"", ""amount"": 0.12}], ""price_sensitivity"": [], ""quality_orientation"": [], ""convenience_orientation"": [], ""impulsivity"": [], ""experience_seeking"": [{""source"": ""category"", ""match"": ""concerts"", ""amount"": 0.16}], ""planning_orientation"": [], ""sustainability_orientation"": []}"
McApyzwnty9obfDeeA,The Soda Popz Christmas Concert,"Sourced from predicthq.com - Feel good favourites, rock and roll dancefloor classics and timeless hits! Cabaret  seating with limited bar.",concerts,2026-12-29 20:00:00,2026-12-29 22:00:00,-6.952376,55.051921,31,54,106.0,2282,"['other', 'rock']",0.5,0.548,0.557,0.5,0.5,0.5,0.538,0.637,0.5,0.5,0.919,0.924,0.918,0.921,0.919,0.922,0.926,0.924,0.919,0.919,impulse_buyer,trend_enthusiast,"{""health_consciousness"": [], ""novelty_seeking"": [{""source"": ""category"", ""match"": ""concerts"", ""amount"": 0.1}], ""social_influence"": [{""source"": ""category"", ""match"": ""concerts"", ""amount"": 0.12}], ""price_sensitivity"": [], ""quality_orientation"": [], ""convenience_orientation"": [], ""impulsivity"": [{""source"": ""description"", ""match"": ""limited"", ""amount"": 0.08}], ""experience_seeking"": [{""source"": ""category"", ""match"": ""concerts"", ""amount"": 0.16}, {""source"": ""title"", ""match"": ""concert"", ""amount"": 0.16}], ""planning_orientation"": [], ""sustainability_orientation"": []}"
9H5DyuTRyUicsxzHXv,Aladdin: Adult Only Show,Sourced from predicthq.com - Brighton's Biggest Family Panto proudly presents Aladdin 2026,performing-arts,2026-12-29 19:00:00,2026-12-29 21:00:00,-0.14884910000000673,50.82218049999999,31,38,118.0,2623,['circus'],0.5,0.5,0.5,0.5,0.548,0.5,0.5,0.574,0.538,0.5,0.937,0.94,0.938,0.941,0.938,0.941,0.943,0.94,0.94,0.938,impulse_buyer,smart_saver,"{""health_consciousness"": [], ""novelty_seeking"": [], ""social_influence"": [], ""price_sensitivity"": [], ""quality_orientation"": [{""source"": ""category"", ""match"": ""performing-arts"", ""amount"": 0.1}], ""convenience_orientation"": [], ""impulsivity"": [], ""experience_seeking"": [{""source"": ""category"", ""match"": ""performing-arts"", ""amount"": 0.16}], ""planning_orientation"": [{""source"": ""description"", ""match"": ""family"", ""amount"": 0.08}], ""sustainability_orientation"": []}"
5gakuEkePgcv2CACyn,Aladdin: Brighton's Family Pantomime,Sourced from predicthq.com - Brighton's Biggest Family Panto proudly presents Aladdin 2026,performing-arts,2026-12-29 14:00:00,2026-12-29 16:00:00,-0.14884910000000673,50.82218049999999,31,38,118.0,2623,['circus'],0.5,0.5,0.5,0.5,0.548,0.5,0.5,0.574,0.607,0.5,0.938,0.94,0.939,0.942,0.939,0.942,0.942,0.94,0.941,0.938,smart_saver,on_the_go_shopper,"{""health_consciousness"": [], ""novelty_seeking"": [], ""social_influence"": [], ""price_sensitivity"": [], ""quality_orientation"": [{""source"": ""category"", ""match"": ""performing-arts"", ""amount"": 0.1}], ""convenience_orientation"": [], ""impulsivity"": [], ""experience_seeking"": [{""source"": ""category"", ""match"": ""performing-arts"", ""amount"": 0.16}], ""planning_orientation"": [{""source"": ""title"", ""match"": ""family"", ""amount"": 0.16}, {""source"": ""description"", ""match"": ""family"", ""amount"": 0.08}], ""sustainability_orientation"": []}"
8zybkPQ3TSLkCED6ws,✨ Cilla & The Sixties Christmas Show ✨,Sourced from predicthq.com - Get ready to groove with Cilla & The Sixties Tribute Show – live tunes and 60s vibes in person!,concerts,2026-12-29 13:00:00,2026-12-29 17:00:00,-2.9932369,53.4054085,35,49,170.0,3874,['other'],0.5,0.548,0.557,0.5,0.5,0.5,0.5,0.574,0.5,0.5,0.928,0.933,0.927,0.931,0.928,0.932,0.935,0.932,0.929,0.928,impulse_buyer,trend_enthusiast,"{""health_consciousness"": [], ""novelty_seeking"": [{""source"": ""category"", ""match"": ""concerts"", ""amount"": 0.1}], ""social_influence"": [{""source"": ""category"", ""match"": ""concerts"", ""amount"": 0.12}], ""price_sensitivity"": [], ""quality_orientation"": [], ""convenience_orientation"": [], ""impulsivity"": [], ""experience_seeking"": [{""source"": ""category"", ""match"": ""concerts"", ""amount"": 0.16}], ""planning_orientation"": [], ""sustainability_orientation"": []}"
5mbYMJN2N9XzYHkunP,Aladdin Pantomime At The Grand Leicester,"Sourced from predicthq.com - Enjoy a magical Aladdin pantomime at The Grand Hotel Leicester, with festive fun, laughter, and entertainment for the whole family.",performing-arts,2026-12-29 12:30:00,2026-12-29 15:00:00,-1.1298043,52.6331932,33,44,143.0,3125,"['family-theatre', 'circus', 'celebration']",0.5,0.5,0.5,0.5,0.548,0.5,0.5,0.574,0.538,0.5,0.937,0.94,0.938,0.941,0.938,0.941,0.943,0.94,0.94,0.938,impulse_buyer,smart_saver,"{""health_consciousness"": [], ""novelty_seeking"": [], ""social_influence"": [], ""price_sensitivity"": [], ""quality_orientation"": [{""source"": ""category"", ""match"": ""performing-arts"", ""amount"": 0.1}], ""convenience_orientation"": [], ""impulsivity"": [], ""experience_seeking"": [{""source"": ""category"", ""match"": ""performing-arts"", ""amount"": 0.16}], ""planning_orientation"": [{""source"": ""description"", ""match"": ""family"", ""amount"": 0.08}], ""sustainability_orientation"": []}"
