archetype,health_consciousness,novelty_seeking,social_influence,price_sensitivity,quality_orientation,convenience_orientation,impulsivity,experience_seeking,planning_orientation,sustainability_orientation,functional_drinks_affinity,healthy_snacks_affinity,streetwear_affinity,skincare_affinity,premium_food_affinity,sustainable_products_affinity,viral_products_affinity,grab_and_go_affinity,premium_beauty_affinity,discount_products_affinity
wellness_seeker,0.5988198967397979,0.5701731649213216,0.5125157143921083,0.4846290641294602,0.6321242739819304,0.5444520622540243,0.4370125578759117,0.5465055266840959,0.5790328356029105,0.5944583012942345,0.7691198881315571,0.7768286636044542,0.7657916177012515,0.766065136334224,0.7619158486419774,0.7016671091689373,0.8620165017076236,0.7105482385507979,0.759568757115098,0.7242087271119932
trend_enthusiast,0.5871080267864521,0.581400115988053,0.5232581535961215,0.48194299024873977,0.6303119709705219,0.5460369464743173,0.4472975910097945,0.5543892560040296,0.5697191598687239,0.5895652130284391,0.7574787925830608,0.7645131674477905,0.7792298668744417,0.7727667105434025,0.7626293675060306,0.7003865668323358,0.8675517666780785,0.7108904660575079,0.7563053073142322,0.724587512444859
thoughtful_buyer,0.5910616043783927,0.5659632075420035,0.5069977367219111,0.48748214743569,0.6356706427540502,0.5387963283714803,0.43165972116772405,0.5418540753194652,0.585253222781542,0.5936392550798048,0.7587388084483103,0.7642129681951179,0.7664974546834074,0.7713143347749742,0.7566566204866995,0.7010666297917297,0.8623561496591392,0.7091345251472301,0.759541743441049,0.7254772579385251
smart_saver,0.5863345274339631,0.5653976827975056,0.5065751775304502,0.4975080686055332,0.6259518459343565,0.5456392273375765,0.4374812347949621,0.5401765741301561,0.5801565547924669,0.5862408367323529,0.7587244474874082,0.7635242475707152,0.7662535108671372,0.7694143799161697,0.7622672409282893,0.7016865211678273,0.8613263109283096,0.7000642797062924,0.7591630256742533,0.7389517845608372
quality_seeker,0.5913533114602255,0.5695263470064801,0.5106851074807146,0.47730089166514744,0.6385359928743976,0.5402205783255138,0.4363840589020011,0.5474984219776491,0.5773483821398847,0.5913409437259202,0.7523032844700764,0.7564816657416044,0.7604179852399686,0.771977797492125,0.7717487128263383,0.6965458129214512,0.8611991040184598,0.708856170181649,0.7706429551140872,0.7240249980068422
on_the_go_shopper,0.5863951616430725,0.5677310426796435,0.5103275979006335,0.4860690031729816,0.6251264124695006,0.5544062140362327,0.44305136750929247,0.5392775763066616,0.5734797572224168,0.5854241387926782,0.7593085906803534,0.7614994803871932,0.7656753840283039,0.7706019620096924,0.7628723401581011,0.7012667310547461,0.8616163105630472,0.7258447099293558,0.760079312472065,0.7134146902358545
impulse_buyer,0.5844751124555272,0.5742422399155735,0.517407609882503,0.48734810327623057,0.626267726177975,0.54787813425701,0.4512576190252287,0.5488336227659096,0.5672802093945427,0.586108477135349,0.7578339728016971,0.7635232972326277,0.75997333354231,0.7707570297112467,0.761280772586451,0.7003471106374308,0.8603026075053943,0.7098467015657572,0.7604394584371688,0.7227466289463925
experience_explorer,0.5880289923805541,0.5789040271039337,0.515070181632317,0.4832273949535692,0.630144151774756,0.5393256467134764,0.44223150721185656,0.5554780593696558,0.5711015331824193,0.5902822604187816,0.758259780881585,0.7632995569549288,0.7691980298333178,0.7705076285371129,0.7608841037125481,0.6914164057993852,0.8571193585240721,0.7098304493988183,0.7543128786111053,0.7240404392267621
everyday_planner,0.5890031077011226,0.5613261340567693,0.5051816303185945,0.4891065254022349,0.6282142075285125,0.548445897351908,0.4331465743409548,0.5371865082747099,0.5841887708947079,0.5888009633719457,0.756904794885565,0.763756734208124,0.7678597103723183,0.7714212123576942,0.7620446157653323,0.7014125931463202,0.8616530115384892,0.70804467788855,0.7595928685626742,0.7239914680691796
conscious_consumer,0.5934097585157876,0.5702962225497482,0.508796971799472,0.4835907341415651,0.6312166163061373,0.5392748812490505,0.4349434511468652,0.545566361971779,0.5796984151828785,0.59849308740152,0.7555854442332405,0.7602845912175616,0.7660138878054988,0.7692751203931406,0.7547561002270329,0.716225942412461,0.861414714340845,0.7108363710448853,0.7593623828399233,0.7259805590224037
