borough,ons_code,inner_outer,population_2021,pop_18_34,share_18_34
Barking and Dagenham,E09000002,outer,218863,51939,0.2373
Barnet,E09000003,outer,389340,87851,0.2256
Bexley,E09000004,outer,246473,50566,0.2052
Brent,E09000005,outer,339818,91989,0.2707
Bromley,E09000006,outer,329989,61047,0.185
Camden,E09000007,inner,210134,70235,0.3342
City of London,E09000001,inner,8579,3290,0.3835
Croydon,E09000008,outer,390718,88452,0.2264
Ealing,E09000009,outer,367122,91055,0.248
Enfield,E09000010,outer,329986,70713,0.2143
Greenwich,E09000011,outer,289067,77018,0.2664
Hackney,E09000012,inner,259148,87251,0.3367
Hammersmith and Fulham,E09000013,inner,183161,63019,0.3441
Haringey,E09000014,inner,264234,71660,0.2712
Harrow,E09000015,outer,261203,59045,0.2261
Havering,E09000016,outer,262057,55472,0.2117
Hillingdon,E09000017,outer,305916,71793,0.2347
Hounslow,E09000018,outer,288181,68303,0.237
Islington,E09000019,inner,216587,79788,0.3684
Kensington and Chelsea,E09000020,inner,143376,40080,0.2795
Kingston upon Thames,E09000021,outer,168064,38014,0.2262
Lambeth,E09000022,inner,317662,114561,0.3606
Lewisham,E09000023,inner,300554,83053,0.2763
Merton,E09000024,outer,215188,51055,0.2373
Newham,E09000025,inner,351039,109915,0.3131
Redbridge,E09000026,outer,310260,72679,0.2343
Richmond upon Thames,E09000027,outer,195278,33575,0.1719
Southwark,E09000028,inner,307641,105813,0.3439
Sutton,E09000029,outer,209640,40843,0.1948
Tower Hamlets,E09000030,inner,310303,125486,0.4044
Waltham Forest,E09000031,outer,278429,72195,0.2593
Wandsworth,E09000032,inner,327506,115002,0.3511
Westminster,E09000033,inner,204240,68546,0.3356
