event_id,title,description,category,start_local,end_local,longitude,latitude,rank,local_rank,phq_attendance,predicted_event_spend,wellness_seeker_score,trend_enthusiast_score,thoughtful_buyer_score,smart_saver_score,quality_seeker_score,on_the_go_shopper_score,impulse_buyer_score,experience_explorer_score,everyday_planner_score,conscious_consumer_score,primary_archetype,secondary_archetype,archetype_evidence
3Jyn4fRsEkXf3Ba9SQ,Crossover Service,"Sourced from predicthq.com - New Year’s Eve crossover service with worship, prayer, and thanksgiving as we transition into the new year.",concerts,2026-12-31 21:00:00,2026-12-31 23:59:00,0.03868599999998423,51.493084,28.0,40.0,81.0,2141.0,0.0,0.148,0.0,0.0,0.0,0.0,0.095,0.165,0.0,0.0,experience_explorer,trend_enthusiast,"{""wellness_seeker"": [], ""trend_enthusiast"": [{""source"": ""category"", ""matches"": [""concerts""]}], ""thoughtful_buyer"": [], ""smart_saver"": [], ""quality_seeker"": [], ""on_the_go_shopper"": [], ""impulse_buyer"": [{""source"": ""category"", ""matches"": [""concerts""]}], ""experience_explorer"": [{""source"": ""category"", ""matches"": [""concerts""]}], ""everyday_planner"": [], ""conscious_consumer"": []}"
gDLK5ug4Ziq8cFfxHL,New Year's Eve Celebration 2026,Sourced from predicthq.com - Join us for another inspiring time of soul lifting worship and joyful celebration as we usher in the New Year 2027,concerts,2026-12-31 21:00:00,2026-12-31 21:00:00,-3.4031212,55.9560319,33.0,55.0,144.0,3093.0,0.0,0.288,0.0,0.0,0.0,0.0,0.191,0.286,0.221,0.0,trend_enthusiast,experience_explorer,"{""wellness_seeker"": [], ""trend_enthusiast"": [{""source"": ""category"", ""matches"": [""concerts""]}, {""source"": ""phq_labels"", ""matches"": [""hip-hop-and-rnb-and-soul""]}], ""thoughtful_buyer"": [], ""smart_saver"": [], ""quality_seeker"": [], ""on_the_go_shopper"": [], ""impulse_buyer"": [{""source"": ""category"", ""matches"": [""concerts""]}, {""source"": ""phq_labels"", ""matches"": [""hip-hop-and-rnb-and-soul""]}], ""experience_explorer"": [{""source"": ""category"", ""matches"": [""concerts""]}, {""source"": ""phq_labels"", ""matches"": [""hip-hop-and-rnb-and-soul""]}], ""everyday_planner"": [{""source"": ""entity_names"", ""matches"": [""community""]}], ""conscious_consumer"": []}"
7b8E7AQgCweNjFVt8a,Forge Comedy Club New Years Eve Special,Sourced from predicthq.com - The Forge Comedy Club seeing out 2026 in style,performing-arts,2026-12-31 20:00:00,2026-12-31 23:00:00,-0.138464,50.8293368,33.0,41.0,147.0,3363.0,0.0,0.0,0.0,0.0,0.095,0.0,0.0,0.738,0.046,0.0,experience_explorer,quality_seeker,"{""wellness_seeker"": [], ""trend_enthusiast"": [], ""thoughtful_buyer"": [], ""smart_saver"": [], ""quality_seeker"": [{""source"": ""category"", ""matches"": [""performing-arts""]}], ""on_the_go_shopper"": [], ""impulse_buyer"": [], ""experience_explorer"": [{""source"": ""title"", ""matches"": [""comedy""]}, {""source"": ""description"", ""matches"": [""comedy""]}, {""source"": ""category"", ""matches"": [""performing-arts""]}, {""source"": ""phq_labels"", ""matches"": [""comedy-club""]}], ""everyday_planner"": [{""source"": ""phq_labels"", ""matches"": [""community-event""]}], ""conscious_consumer"": []}"
8XtwTCsUgQz3PDsMdR,Hogmanay ceilidh,"Sourced from predicthq.com - With caller Ken Gourlay and ceilidh band. Soft drinks £1, alcohol £3. All dances walked through and called. Good exercise and great fun.",performing-arts,2026-12-31 19:00:00,2026-12-31 21:30:00,-3.2051024,55.9496425,32.0,44.0,129.0,3095.0,0.0,0.0,0.0,0.0,0.095,0.0,0.0,0.324,0.0,0.0,experience_explorer,quality_seeker,"{""wellness_seeker"": [], ""trend_enthusiast"": [], ""thoughtful_buyer"": [], ""smart_saver"": [], ""quality_seeker"": [{""source"": ""category"", ""matches"": [""performing-arts""]}], ""on_the_go_shopper"": [], ""impulse_buyer"": [], ""experience_explorer"": [{""source"": ""category"", ""matches"": [""performing-arts""]}, {""source"": ""phq_labels"", ""matches"": [""general-theatre"", ""concert""]}], ""everyday_planner"": [], ""conscious_consumer"": []}"
8sUquxZwjc4zN2nw6z,Frank Sinatra Tribute - New Year's Eve Celebration,Sourced from predicthq.com - Ring in the New Year with swingin’ Sinatra tunes and good vibes at our live tribute bash!,community,2026-12-31 19:00:00,2026-12-31 23:59:00,-0.398704,54.281534,30.0,43.0,100.0,1342.0,0.0,0.0,0.0,0.0,0.0,0.0,0.0,0.095,0.077,0.095,experience_explorer,conscious_consumer,"{""wellness_seeker"": [], ""trend_enthusiast"": [], ""thoughtful_buyer"": [], ""smart_saver"": [], ""quality_seeker"": [], ""on_the_go_shopper"": [], ""impulse_buyer"": [], ""experience_explorer"": [{""source"": ""category"", ""matches"": [""community""]}], ""everyday_planner"": [{""source"": ""category"", ""matches"": [""community""]}], ""conscious_consumer"": [{""source"": ""category"", ""matches"": [""community""]}]}"
Ce8dfnXeUs5irJgCim,"Whitney Houston Tribute Night - Shirley, Solihull","Sourced from predicthq.com - Whitney Houston Tribute Night – New Year’s Eve Special
Celebrate New Year’s Eve in style with an unforgettable Whitney Houston Tribute Night",community,2026-12-31 19:00:00,2026-12-31 23:59:00,-1.8288193,52.4127138,30.0,47.0,100.0,1247.0,0.0,0.27,0.0,0.0,0.0,0.0,0.165,0.369,0.077,0.095,experience_explorer,trend_enthusiast,"{""wellness_seeker"": [], ""trend_enthusiast"": [{""source"": ""phq_labels"", ""matches"": [""music""]}], ""thoughtful_buyer"": [], ""smart_saver"": [], ""quality_seeker"": [], ""on_the_go_shopper"": [], ""impulse_buyer"": [{""source"": ""phq_labels"", ""matches"": [""music""]}], ""experience_explorer"": [{""source"": ""category"", ""matches"": [""community""]}, {""source"": ""phq_labels"", ""matches"": [""music""]}], ""everyday_planner"": [{""source"": ""category"", ""matches"": [""community""]}], ""conscious_consumer"": [{""source"": ""category"", ""matches"": [""community""]}]}"
PnfMdhNHZxFX9emZhA,Neon Nights and New Year Lights,Sourced from predicthq.com - Celebrate New Year’s Eve in true 80s style at Oxen Bar & Grill with the vibrant Neon Nights & New Year’s Lights party. Starting from 7:30 pm,festivals,2026-12-31 19:00:00,2027-01-01 01:00:00,-1.3011856,51.6197333,35.0,60.0,174.0,4077.0,0.0,0.148,0.237,0.0,0.0,0.058,0.113,0.181,0.0,0.0,thoughtful_buyer,experience_explorer,"{""wellness_seeker"": [], ""trend_enthusiast"": [{""source"": ""category"", ""matches"": [""festivals""]}], ""thoughtful_buyer"": [{""source"": ""phq_labels"", ""matches"": [""educational""]}], ""smart_saver"": [], ""quality_seeker"": [], ""on_the_go_shopper"": [{""source"": ""category"", ""matches"": [""festivals""]}], ""impulse_buyer"": [{""source"": ""category"", ""matches"": [""festivals""]}], ""experience_explorer"": [{""source"": ""category"", ""matches"": [""festivals""]}], ""everyday_planner"": [], ""conscious_consumer"": []}"
YShrZnmVUMEoA6U2nG,NYE - Charlies Loft + Simple Minded / Deacon Blues + DJ,"Sourced from predicthq.com - THIS NEW YEAR’S EVE, WE’RE GOING OUT WITH A BANG!",concerts,2026-12-31 19:00:00,2027-01-01 02:00:00,-4.31887,55.94025,36.0,56.0,192.0,8478.0,0.0,0.555,0.0,0.0,0.0,0.0,0.095,0.165,0.0,0.0,trend_enthusiast,experience_explorer,"{""wellness_seeker"": [], ""trend_enthusiast"": [{""source"": ""title"", ""matches"": [""dj""]}, {""source"": ""category"", ""matches"": [""concerts""]}], ""thoughtful_buyer"": [], ""smart_saver"": [], ""quality_seeker"": [], ""on_the_go_shopper"": [], ""impulse_buyer"": [{""source"": ""category"", ""matches"": [""concerts""]}], ""experience_explorer"": [{""source"": ""category"", ""matches"": [""concerts""]}], ""everyday_planner"": [], ""conscious_consumer"": []}"
7uBS8NKp8gExokUz3w,80's V 90's NEW YEARS EVE PARTY,Sourced from predicthq.com - with BETH REDDY and LIVE BAND,community,2026-12-31 18:45:00,2026-12-31 18:45:00,-2.587257,51.505733,30.0,47.0,100.0,1485.0,0.196,0.15,0.0,0.0,0.063,0.0,0.089,0.248,0.077,0.189,experience_explorer,wellness_seeker,"{""wellness_seeker"": [{""source"": ""phq_labels"", ""matches"": [""wellness""]}], ""trend_enthusiast"": [{""source"": ""phq_labels"", ""matches"": [""music""]}], ""thoughtful_buyer"": [], ""smart_saver"": [], ""quality_seeker"": [{""source"": ""phq_labels"", ""matches"": [""wellness""]}], ""on_the_go_shopper"": [], ""impulse_buyer"": [{""source"": ""phq_labels"", ""matches"": [""music""]}], ""experience_explorer"": [{""source"": ""category"", ""matches"": [""community""]}, {""source"": ""phq_labels"", ""matches"": [""music""]}], ""everyday_planner"": [{""source"": ""category"", ""matches"": [""community""]}], ""conscious_consumer"": [{""source"": ""category"", ""matches"": [""community""]}, {""source"": ""phq_labels"", ""matches"": [""wellness""]}]}"
Bv2BQKFxSyyw8Mk8mL,Waiting List for Walk The Big One for Shelter 2026,Sourced from predicthq.com - Register your interest for an escorted climb to the 235ft summit of one of Europe's tallest rollercoasters to fundraise for Shelter in 2026.,community,2026-12-31 18:00:00,2026-12-31 18:00:00,-3.0552927,53.79233,30.0,44.0,100.0,1271.0,0.0,0.0,0.0,0.0,0.0,0.0,0.0,0.095,0.077,0.095,experience_explorer,conscious_consumer,"{""wellness_seeker"": [], ""trend_enthusiast"": [], ""thoughtful_buyer"": [], ""smart_saver"": [], ""quality_seeker"": [], ""on_the_go_shopper"": [], ""impulse_buyer"": [], ""experience_explorer"": [{""source"": ""category"", ""matches"": [""community""]}], ""everyday_planner"": [{""source"": ""category"", ""matches"": [""community""]}], ""conscious_consumer"": [{""source"": ""category"", ""matches"": [""community""]}]}"
HUyAGY6ozjfMzG72Q2,New Years Eve Moonlight Sonata by Candlelight,Sourced from predicthq.com - Bring in the new year with an exceptional candlelit classical performance in the beautiful candlelit setting of St James Piccadilly.,concerts,2026-12-31 16:00:00,2026-12-31 17:00:00,-0.1366625,51.5087276,31.0,39.0,117.0,3638.0,0.0,0.148,0.0,0.0,0.0,0.0,0.095,0.165,0.0,0.0,experience_explorer,trend_enthusiast,"{""wellness_seeker"": [], ""trend_enthusiast"": [{""source"": ""category"", ""matches"": [""concerts""]}], ""thoughtful_buyer"": [], ""smart_saver"": [], ""quality_seeker"": [], ""on_the_go_shopper"": [], ""impulse_buyer"": [{""source"": ""category"", ""matches"": [""concerts""]}], ""experience_explorer"": [{""source"": ""category"", ""matches"": [""concerts""]}], ""everyday_planner"": [], ""conscious_consumer"": []}"
DeY7oMJ4B4L95QhJXd,"Viennese Christmas Spectacular by Candlelight - 31st Dec, Liverpool",Sourced from predicthq.com - Step into an evening of candlelit excitement with London Concertante.,performing-arts,2026-12-31 15:00:00,2026-12-31 17:00:00,-2.979912799999999,53.4086367,34.0,47.0,151.0,3441.0,0.0,0.0,0.0,0.0,0.095,0.0,0.0,0.362,0.237,0.0,experience_explorer,everyday_planner,"{""wellness_seeker"": [], ""trend_enthusiast"": [], ""thoughtful_buyer"": [], ""smart_saver"": [], ""quality_seeker"": [{""source"": ""category"", ""matches"": [""performing-arts""]}], ""on_the_go_shopper"": [], ""impulse_buyer"": [], ""experience_explorer"": [{""source"": ""category"", ""matches"": [""performing-arts""]}, {""source"": ""phq_labels"", ""matches"": [""family-theatre""]}], ""everyday_planner"": [{""source"": ""phq_labels"", ""matches"": [""family-theatre""]}], ""conscious_consumer"": []}"
7YRdmoXK3b6RZXLKnD,UB40 / Reggae Tribute Night - Longbridge,"Sourced from predicthq.com - UB40 & Reggae Night – Ultimate 40 Band | New Year’s Eve
Ring in 2026 in style at our UB40 & Reggae Tribute Night with the fantastic Ultimate",community,2026-12-31 10:00:00,2026-12-31 23:59:00,-1.9821534000000156,52.3975887,30.0,46.0,100.0,1333.0,0.0,0.27,0.0,0.0,0.0,0.0,0.165,0.369,0.077,0.095,experience_explorer,trend_enthusiast,"{""wellness_seeker"": [], ""trend_enthusiast"": [{""source"": ""phq_labels"", ""matches"": [""music""]}], ""thoughtful_buyer"": [], ""smart_saver"": [], ""quality_seeker"": [], ""on_the_go_shopper"": [], ""impulse_buyer"": [{""source"": ""phq_labels"", ""matches"": [""music""]}], ""experience_explorer"": [{""source"": ""category"", ""matches"": [""community""]}, {""source"": ""phq_labels"", ""matches"": [""music""]}], ""everyday_planner"": [{""source"": ""category"", ""matches"": [""community""]}], ""conscious_consumer"": [{""source"": ""category"", ""matches"": [""community""]}]}"
FvqmmDfNzyDbZMbchz,Nutcracker Suite and Rachmaninov  at Christmas by Candlelight,Sourced from predicthq.com - Enjoy an exceptional candlelit classical performance this Christmas in the beautiful candlelit setting of Llandaff Cathedral.,concerts,2026-12-30 19:30:00,2026-12-30 21:15:00,-3.2178057,51.4957372,36.0,51.0,199.0,4557.0,0.0,0.148,0.0,0.0,0.0,0.0,0.095,0.165,0.0,0.0,experience_explorer,trend_enthusiast,"{""wellness_seeker"": [], ""trend_enthusiast"": [{""source"": ""category"", ""matches"": [""concerts""]}], ""thoughtful_buyer"": [], ""smart_saver"": [], ""quality_seeker"": [], ""on_the_go_shopper"": [], ""impulse_buyer"": [{""source"": ""category"", ""matches"": [""concerts""]}], ""experience_explorer"": [{""source"": ""category"", ""matches"": [""concerts""]}], ""everyday_planner"": [], ""conscious_consumer"": []}"
FBvn8Sq6rYA8Y8Qk5J,Rumble Wrestling comes to Ditton for a Christmas Cracker,Sourced from predicthq.com - Rumble Wrestling return to Ditton Community Centre  for their annual  Christmas Cracker visit - a show for all the family,concerts,2026-12-30 15:00:00,2026-12-30 17:15:00,0.4525425,51.2944015,30.0,51.0,96.0,2441.0,0.0,0.148,0.0,0.0,0.0,0.0,0.095,0.165,0.551,0.0,everyday_planner,experience_explorer,"{""wellness_seeker"": [], ""trend_enthusiast"": [{""source"": ""category"", ""matches"": [""concerts""]}], ""thoughtful_buyer"": [], ""smart_saver"": [], ""quality_seeker"": [], ""on_the_go_shopper"": [], ""impulse_buyer"": [{""source"": ""category"", ""matches"": [""concerts""]}], ""experience_explorer"": [{""source"": ""category"", ""matches"": [""concerts""]}], ""everyday_planner"": [{""source"": ""description"", ""matches"": [""community"", ""family""]}], ""conscious_consumer"": []}"
GmgS5GRZZiMvHAKCCX,Aladdin: Brighton's Family Pantomime,Sourced from predicthq.com - Brighton's Biggest Family Panto proudly presents Aladdin 2026,performing-arts,2026-12-30 14:00:00,2026-12-30 16:00:00,-0.14884910000000673,50.82218049999999,31.0,38.0,118.0,2623.0,0.0,0.0,0.0,0.0,0.095,0.0,0.0,0.165,0.65,0.0,everyday_planner,experience_explorer,"{""wellness_seeker"": [], ""trend_enthusiast"": [], ""thoughtful_buyer"": [], ""smart_saver"": [], ""quality_seeker"": [{""source"": ""category"", ""matches"": [""performing-arts""]}], ""on_the_go_shopper"": [], ""impulse_buyer"": [], ""experience_explorer"": [{""source"": ""category"", ""matches"": [""performing-arts""]}], ""everyday_planner"": [{""source"": ""title"", ""matches"": [""family""]}, {""source"": ""description"", ""matches"": [""family""]}], ""conscious_consumer"": []}"
8y98VJEiLydu4UJfay,The Tumbling Paddies,Sourced from predicthq.com - The six-piece band from Co Fermanagh are set to take over Armagh City for an unmissable show on Tuesday 29th December!!,concerts,2026-12-29 21:00:00,2026-12-29 23:00:00,-6.6507863,54.3447605,33.0,55.0,136.0,2845.0,0.0,0.148,0.0,0.0,0.0,0.0,0.095,0.165,0.0,0.0,experience_explorer,trend_enthusiast,"{""wellness_seeker"": [], ""trend_enthusiast"": [{""source"": ""category"", ""matches"": [""concerts""]}], ""thoughtful_buyer"": [], ""smart_saver"": [], ""quality_seeker"": [], ""on_the_go_shopper"": [], ""impulse_buyer"": [{""source"": ""category"", ""matches"": [""concerts""]}], ""experience_explorer"": [{""source"": ""category"", ""matches"": [""concerts""]}], ""everyday_planner"": [], ""conscious_consumer"": []}"
McApyzwnty9obfDeeA,The Soda Popz Christmas Concert,"Sourced from predicthq.com - Feel good favourites, rock and roll dancefloor classics and timeless hits! Cabaret  seating with limited bar.",concerts,2026-12-29 20:00:00,2026-12-29 22:00:00,-6.952376,55.051921,31.0,54.0,106.0,2282.0,0.0,0.148,0.0,0.0,0.0,0.0,0.393,0.564,0.0,0.0,experience_explorer,impulse_buyer,"{""wellness_seeker"": [], ""trend_enthusiast"": [{""source"": ""category"", ""matches"": [""concerts""]}], ""thoughtful_buyer"": [], ""smart_saver"": [], ""quality_seeker"": [], ""on_the_go_shopper"": [], ""impulse_buyer"": [{""source"": ""description"", ""matches"": [""limited""]}, {""source"": ""category"", ""matches"": [""concerts""]}], ""experience_explorer"": [{""source"": ""title"", ""matches"": [""concert""]}, {""source"": ""category"", ""matches"": [""concerts""]}], ""everyday_planner"": [], ""conscious_consumer"": []}"
9H5DyuTRyUicsxzHXv,Aladdin: Adult Only Show,Sourced from predicthq.com - Brighton's Biggest Family Panto proudly presents Aladdin 2026,performing-arts,2026-12-29 19:00:00,2026-12-29 21:00:00,-0.14884910000000673,50.82218049999999,31.0,38.0,118.0,2623.0,0.0,0.0,0.0,0.0,0.095,0.0,0.0,0.165,0.33,0.0,everyday_planner,experience_explorer,"{""wellness_seeker"": [], ""trend_enthusiast"": [], ""thoughtful_buyer"": [], ""smart_saver"": [], ""quality_seeker"": [{""source"": ""category"", ""matches"": [""performing-arts""]}], ""on_the_go_shopper"": [], ""impulse_buyer"": [], ""experience_explorer"": [{""source"": ""category"", ""matches"": [""performing-arts""]}], ""everyday_planner"": [{""source"": ""description"", ""matches"": [""family""]}], ""conscious_consumer"": []}"
5gakuEkePgcv2CACyn,Aladdin: Brighton's Family Pantomime,Sourced from predicthq.com - Brighton's Biggest Family Panto proudly presents Aladdin 2026,performing-arts,2026-12-29 14:00:00,2026-12-29 16:00:00,-0.14884910000000673,50.82218049999999,31.0,38.0,118.0,2623.0,0.0,0.0,0.0,0.0,0.095,0.0,0.0,0.165,0.65,0.0,everyday_planner,experience_explorer,"{""wellness_seeker"": [], ""trend_enthusiast"": [], ""thoughtful_buyer"": [], ""smart_saver"": [], ""quality_seeker"": [{""source"": ""category"", ""matches"": [""performing-arts""]}], ""on_the_go_shopper"": [], ""impulse_buyer"": [], ""experience_explorer"": [{""source"": ""category"", ""matches"": [""performing-arts""]}], ""everyday_planner"": [{""source"": ""title"", ""matches"": [""family""]}, {""source"": ""description"", ""matches"": [""family""]}], ""conscious_consumer"": []}"
8zybkPQ3TSLkCED6ws,✨ Cilla & The Sixties Christmas Show ✨,Sourced from predicthq.com - Get ready to groove with Cilla & The Sixties Tribute Show – live tunes and 60s vibes in person!,concerts,2026-12-29 13:00:00,2026-12-29 17:00:00,-2.9932369,53.4054085,35.0,49.0,170.0,3874.0,0.0,0.148,0.0,0.0,0.0,0.0,0.095,0.165,0.0,0.0,experience_explorer,trend_enthusiast,"{""wellness_seeker"": [], ""trend_enthusiast"": [{""source"": ""category"", ""matches"": [""concerts""]}], ""thoughtful_buyer"": [], ""smart_saver"": [], ""quality_seeker"": [], ""on_the_go_shopper"": [], ""impulse_buyer"": [{""source"": ""category"", ""matches"": [""concerts""]}], ""experience_explorer"": [{""source"": ""category"", ""matches"": [""concerts""]}], ""everyday_planner"": [], ""conscious_consumer"": []}"
5mbYMJN2N9XzYHkunP,Aladdin Pantomime At The Grand Leicester,"Sourced from predicthq.com - Enjoy a magical Aladdin pantomime at The Grand Hotel Leicester, with festive fun, laughter, and entertainment for the whole family.",performing-arts,2026-12-29 12:30:00,2026-12-29 15:00:00,-1.1298043,52.6331932,33.0,44.0,143.0,3125.0,0.0,0.0,0.0,0.0,0.095,0.0,0.0,0.272,0.416,0.0,everyday_planner,experience_explorer,"{""wellness_seeker"": [], ""trend_enthusiast"": [], ""thoughtful_buyer"": [], ""smart_saver"": [], ""quality_seeker"": [{""source"": ""category"", ""matches"": [""performing-arts""]}], ""on_the_go_shopper"": [], ""impulse_buyer"": [], ""experience_explorer"": [{""source"": ""category"", ""matches"": [""performing-arts""]}, {""source"": ""phq_labels"", ""matches"": [""family-theatre""]}], ""everyday_planner"": [{""source"": ""description"", ""matches"": [""family""]}, {""source"": ""phq_labels"", ""matches"": [""family-theatre""]}], ""conscious_consumer"": []}"
manual_eat_hack_2026,EAT Hack,"EAT Hack is a one-day London hackathon focused on retail, consumer behaviour, food and AI. Participants include developers, founders, challenger brands and retail innovators building products around behavioural insight, retail decision-making and future consumer experiences.",conferences,2026-10-03 09:00:00,2026-10-03 20:00:00,-0.1278,51.5074,,,100.0,,0.102,0.0,0.148,0.0,0.271,0.102,0.0,0.194,0.236,0.0,quality_seeker,everyday_planner,"{""wellness_seeker"": [{""source"": ""phq_labels"", ""matches"": [""food""]}], ""trend_enthusiast"": [], ""thoughtful_buyer"": [{""source"": ""category"", ""matches"": [""conferences""]}], ""smart_saver"": [], ""quality_seeker"": [{""source"": ""category"", ""matches"": [""conferences""]}, {""source"": ""phq_labels"", ""matches"": [""food""]}], ""on_the_go_shopper"": [{""source"": ""phq_labels"", ""matches"": [""food""]}], ""impulse_buyer"": [], ""experience_explorer"": [{""source"": ""phq_labels"", ""matches"": [""food""]}], ""everyday_planner"": [{""source"": ""category"", ""matches"": [""conferences""]}, {""source"": ""phq_labels"", ""matches"": [""community""]}], ""conscious_consumer"": []}"
