product_id,brand,product,category,sub_category,wellness_seeker_score,trend_enthusiast_score,thoughtful_buyer_score,smart_saver_score,quality_seeker_score,on_the_go_shopper_score,impulse_buyer_score,experience_explorer_score,everyday_planner_score,conscious_consumer_score,primary_archetype,secondary_archetype,archetype_evidence
S001,All That Matters,Superfood Puffs — Peri-Peri,Snacks,Grain puffs,0.944,0.0,0.537,0.126,0.0,0.277,0.655,0.503,0.0,0.0,wellness_seeker,impulse_buyer,"{""wellness_seeker"": [{""source"": ""Marketing claims / label keywords"", ""matches"": [""superfood"", ""kcal""]}, {""source"": ""Product / variant"", ""matches"": [""superfood""]}, {""source"": ""Label → target link (inferred)"", ""matches"": [""superfood"", ""nutrition""]}, {""source"": ""category"", ""matches"": [""Snacks""]}, {""source"": ""target_segments"", ""matches"": [""Mindful snackers""]}], ""trend_enthusiast"": [], ""thoughtful_buyer"": [{""source"": ""Dietary flags"", ""matches"": [""free from"", ""non gmo""]}, {""source"": ""target_segments"", ""matches"": [""Mindful snackers""]}], ""smart_saver"": [{""source"": ""target_segments"", ""matches"": [""Savoury snackers""]}], ""quality_seeker"": [], ""on_the_go_shopper"": [{""source"": ""category"", ""matches"": [""Snacks""]}, {""source"": ""target_segments"", ""matches"": [""Savoury snackers""]}], ""impulse_buyer"": [{""source"": ""Marketing claims / label keywords"", ""matches"": [""crunch""]}, {""source"": ""category"", ""matches"": [""Snacks""]}, {""source"": ""target_segments"", ""matches"": [""Savoury snackers""]}], ""experience_explorer"": [{""source"": ""Product / variant"", ""matches"": [""peri peri""]}, {""source"": ""Flavour profile"", ""matches"": [""peri peri"", ""spicy""]}], ""everyday_planner"": [], ""conscious_consumer"": []}"
S002,Simply Roasted,Black Truffle Potato Crisps,Snacks,Potato crisps,0.916,0.0,0.537,0.126,0.843,0.277,0.34,0.0,0.0,0.221,wellness_seeker,quality_seeker,"{""wellness_seeker"": [{""source"": ""Marketing claims / label keywords"", ""matches"": [""less fat"", ""kcals""]}, {""source"": ""Label → target link (inferred)"", ""matches"": [""less fat"", ""kcals""]}, {""source"": ""category"", ""matches"": [""Snacks""]}, {""source"": ""target_segments"", ""matches"": [""Mindful snackers""]}], ""trend_enthusiast"": [], ""thoughtful_buyer"": [{""source"": ""Dietary flags"", ""matches"": [""free from"", ""allergens""]}, {""source"": ""target_segments"", ""matches"": [""Mindful snackers""]}], ""smart_saver"": [{""source"": ""target_segments"", ""matches"": [""Savoury snackers""]}], ""quality_seeker"": [{""source"": ""Marketing claims / label keywords"", ""matches"": [""triple cooked"", ""great taste""]}, {""source"": ""Product / variant"", ""matches"": [""truffle""]}, {""source"": ""Flavour profile"", ""matches"": [""truffle""]}], ""on_the_go_shopper"": [{""source"": ""category"", ""matches"": [""Snacks""]}, {""source"": ""target_segments"", ""matches"": [""Savoury snackers""]}], ""impulse_buyer"": [{""source"": ""category"", ""matches"": [""Snacks""]}, {""source"": ""target_segments"", ""matches"": [""Savoury snackers""]}], ""experience_explorer"": [], ""everyday_planner"": [], ""conscious_consumer"": [{""source"": ""Dietary flags"", ""matches"": [""vegan""]}]}"
S003,Simply Roasted,Sour Cream & Chive Potato Crisps,Snacks,Potato crisps,0.916,0.0,0.537,0.126,0.727,0.277,0.619,0.0,0.0,0.221,wellness_seeker,quality_seeker,"{""wellness_seeker"": [{""source"": ""Marketing claims / label keywords"", ""matches"": [""less fat"", ""kcals""]}, {""source"": ""Label → target link (inferred)"", ""matches"": [""less fat"", ""kcals""]}, {""source"": ""category"", ""matches"": [""Snacks""]}, {""source"": ""target_segments"", ""matches"": [""Mindful snackers""]}], ""trend_enthusiast"": [], ""thoughtful_buyer"": [{""source"": ""Dietary flags"", ""matches"": [""free from"", ""allergens""]}, {""source"": ""target_segments"", ""matches"": [""Mindful snackers""]}], ""smart_saver"": [{""source"": ""target_segments"", ""matches"": [""Savoury snackers""]}], ""quality_seeker"": [{""source"": ""Marketing claims / label keywords"", ""matches"": [""triple cooked"", ""great taste""]}], ""on_the_go_shopper"": [{""source"": ""category"", ""matches"": [""Snacks""]}, {""source"": ""target_segments"", ""matches"": [""Savoury snackers""]}], ""impulse_buyer"": [{""source"": ""Product / variant"", ""matches"": [""sour""]}, {""source"": ""Flavour profile"", ""matches"": [""sour""]}, {""source"": ""category"", ""matches"": [""Snacks""]}, {""source"": ""target_segments"", ""matches"": [""Savoury snackers""]}], ""experience_explorer"": [], ""everyday_planner"": [], ""conscious_consumer"": [{""source"": ""Dietary flags"", ""matches"": [""vegan""]}]}"
S004,Simply Roasted,Barbecue Potato Crisps,Snacks,Potato crisps,0.916,0.0,0.537,0.126,0.727,0.277,0.34,0.0,0.0,0.221,wellness_seeker,quality_seeker,"{""wellness_seeker"": [{""source"": ""Marketing claims / label keywords"", ""matches"": [""less fat"", ""kcals""]}, {""source"": ""Label → target link (inferred)"", ""matches"": [""less fat"", ""kcals""]}, {""source"": ""category"", ""matches"": [""Snacks""]}, {""source"": ""target_segments"", ""matches"": [""Mindful snackers""]}], ""trend_enthusiast"": [], ""thoughtful_buyer"": [{""source"": ""Dietary flags"", ""matches"": [""free from"", ""allergens""]}, {""source"": ""target_segments"", ""matches"": [""Mindful snackers""]}], ""smart_saver"": [{""source"": ""target_segments"", ""matches"": [""Savoury snackers""]}], ""quality_seeker"": [{""source"": ""Marketing claims / label keywords"", ""matches"": [""triple cooked"", ""great taste""]}], ""on_the_go_shopper"": [{""source"": ""category"", ""matches"": [""Snacks""]}, {""source"": ""target_segments"", ""matches"": [""Savoury snackers""]}], ""impulse_buyer"": [{""source"": ""category"", ""matches"": [""Snacks""]}, {""source"": ""target_segments"", ""matches"": [""Savoury snackers""]}], ""experience_explorer"": [], ""everyday_planner"": [], ""conscious_consumer"": [{""source"": ""Dietary flags"", ""matches"": [""vegan""]}]}"
S005,The Protein Ball Co.,Salted Caramel Protein Balls,Snacks,Protein balls,0.986,0.0,0.583,0.0,0.0,0.277,0.667,0.0,0.0,0.81,wellness_seeker,conscious_consumer,"{""wellness_seeker"": [{""source"": ""Marketing claims / label keywords"", ""matches"": [""no added sugar"", ""high protein""]}, {""source"": ""Product / variant"", ""matches"": [""protein""]}, {""source"": ""Label → target link (inferred)"", ""matches"": [""no added sugar"", ""high protein"", ""protein""]}, {""source"": ""Need states served (inferred)"", ""matches"": [""protein""]}, {""source"": ""Sub-category"", ""matches"": [""protein""]}, {""source"": ""Dietary flags"", ""matches"": [""no added sugar""]}, {""source"": ""category"", ""matches"": [""Snacks""]}, {""source"": ""target_segments"", ""matches"": [""Protein seekers"", ""Plant-based shoppers"", ""Sugar-conscious shoppers""]}], ""trend_enthusiast"": [], ""thoughtful_buyer"": [{""source"": ""Marketing claims / label keywords"", ""matches"": [""no added junk""]}, {""source"": ""target_segments"", ""matches"": [""Sugar-conscious shoppers""]}], ""smart_saver"": [], ""quality_seeker"": [], ""on_the_go_shopper"": [{""source"": ""category"", ""matches"": [""Snacks""]}, {""source"": ""target_segments"", ""matches"": [""Protein seekers""]}], ""impulse_buyer"": [{""source"": ""Product / variant"", ""matches"": [""caramel""]}, {""source"": ""Need states served (inferred)"", ""matches"": [""sweet""]}, {""source"": ""Flavour profile"", ""matches"": [""caramel"", ""sweet""]}, {""source"": ""category"", ""matches"": [""Snacks""]}], ""experience_explorer"": [], ""everyday_planner"": [], ""conscious_consumer"": [{""source"": ""Marketing claims / label keywords"", ""matches"": [""plant based""]}, {""source"": ""Label → target link (inferred)"", ""matches"": [""plant based""]}, {""source"": ""Dietary flags"", ""matches"": [""plant based""]}, {""source"": ""target_segments"", ""matches"": [""Plant-based shoppers""]}]}"
S006,The Protein Ball Co.,Original Peanut Butter Protein Balls,Snacks,Protein balls,0.986,0.0,0.583,0.0,0.0,0.277,0.33,0.0,0.0,0.0,wellness_seeker,thoughtful_buyer,"{""wellness_seeker"": [{""source"": ""Marketing claims / label keywords"", ""matches"": [""no added sugar"", ""high protein""]}, {""source"": ""Product / variant"", ""matches"": [""protein""]}, {""source"": ""Label → target link (inferred)"", ""matches"": [""no added sugar"", ""high protein"", ""protein""]}, {""source"": ""Need states served (inferred)"", ""matches"": [""protein""]}, {""source"": ""Sub-category"", ""matches"": [""protein""]}, {""source"": ""Dietary flags"", ""matches"": [""no added sugar""]}, {""source"": ""category"", ""matches"": [""Snacks""]}, {""source"": ""target_segments"", ""matches"": [""Protein seekers"", ""Sugar-conscious shoppers""]}], ""trend_enthusiast"": [], ""thoughtful_buyer"": [{""source"": ""Marketing claims / label keywords"", ""matches"": [""no added junk""]}, {""source"": ""target_segments"", ""matches"": [""Sugar-conscious shoppers""]}], ""smart_saver"": [], ""quality_seeker"": [], ""on_the_go_shopper"": [{""source"": ""category"", ""matches"": [""Snacks""]}, {""source"": ""target_segments"", ""matches"": [""Protein seekers""]}], ""impulse_buyer"": [{""source"": ""Need states served (inferred)"", ""matches"": [""sweet""]}, {""source"": ""category"", ""matches"": [""Snacks""]}], ""experience_explorer"": [], ""everyday_planner"": [], ""conscious_consumer"": []}"
S007,Well & Truly,Thins — Rich Cheddar & Gouda with a Hint of Jalapeño,Snacks,Cheese crackers,0.89,0.0,0.201,0.126,0.0,0.423,0.34,0.423,0.165,0.0,wellness_seeker,on_the_go_shopper,"{""wellness_seeker"": [{""source"": ""Marketing claims / label keywords"", ""matches"": [""less fat"", ""protein""]}, {""source"": ""Label → target link (inferred)"", ""matches"": [""protein""]}, {""source"": ""category"", ""matches"": [""Snacks""]}, {""source"": ""target_segments"", ""matches"": [""Protein seekers"", ""Gluten-free shoppers""]}], ""trend_enthusiast"": [], ""thoughtful_buyer"": [{""source"": ""target_segments"", ""matches"": [""Gluten-free shoppers""]}], ""smart_saver"": [{""source"": ""target_segments"", ""matches"": [""Savoury snackers""]}], ""quality_seeker"": [], ""on_the_go_shopper"": [{""source"": ""category"", ""matches"": [""Snacks""]}, {""source"": ""target_segments"", ""matches"": [""Savoury snackers"", ""Protein seekers""]}], ""impulse_buyer"": [{""source"": ""category"", ""matches"": [""Snacks""]}, {""source"": ""target_segments"", ""matches"": [""Savoury snackers""]}], ""experience_explorer"": [{""source"": ""Product / variant"", ""matches"": [""jalapeño""]}, {""source"": ""Flavour profile"", ""matches"": [""chilli""]}], ""everyday_planner"": [{""source"": ""target_segments"", ""matches"": [""Gluten-free shoppers""]}], ""conscious_consumer"": []}"
S008,INDI,Brain Bar,Snacks,Functional snack bar,0.844,0.165,0.333,0.0,0.0,0.309,0.095,0.0,0.165,0.873,conscious_consumer,wellness_seeker,"{""wellness_seeker"": [{""source"": ""Marketing claims / label keywords"", ""matches"": [""fibre""]}, {""source"": ""Label → target link (inferred)"", ""matches"": [""fibre""]}, {""source"": ""Sub-category"", ""matches"": [""functional""]}, {""source"": ""category"", ""matches"": [""Snacks""]}, {""source"": ""target_segments"", ""matches"": [""Focus-oriented shoppers"", ""Fibre seekers"", ""Plant-based shoppers"", ""Gluten-free shoppers""]}], ""trend_enthusiast"": [{""source"": ""target_segments"", ""matches"": [""Focus-oriented shoppers""]}], ""thoughtful_buyer"": [{""source"": ""target_segments"", ""matches"": [""Fibre seekers"", ""Gluten-free shoppers""]}], ""smart_saver"": [], ""quality_seeker"": [], ""on_the_go_shopper"": [{""source"": ""category"", ""matches"": [""Snacks""]}, {""source"": ""target_segments"", ""matches"": [""Focus-oriented shoppers""]}], ""impulse_buyer"": [{""source"": ""category"", ""matches"": [""Snacks""]}], ""experience_explorer"": [], ""everyday_planner"": [{""source"": ""target_segments"", ""matches"": [""Gluten-free shoppers""]}], ""conscious_consumer"": [{""source"": ""Marketing claims / label keywords"", ""matches"": [""vegan""]}, {""source"": ""Label → target link (inferred)"", ""matches"": [""plant based"", ""vegan""]}, {""source"": ""Dietary flags"", ""matches"": [""vegan""]}, {""source"": ""target_segments"", ""matches"": [""Plant-based shoppers""]}]}"
S009,Kooky,Gently Dried Chewy Mango,Snacks,Dried fruit,0.4,0.0,0.741,0.126,0.478,0.095,0.423,0.0,0.165,0.573,thoughtful_buyer,conscious_consumer,"{""wellness_seeker"": [{""source"": ""category"", ""matches"": [""Snacks""]}, {""source"": ""target_segments"", ""matches"": [""Fruit snackers"", ""Mindful snackers""]}], ""trend_enthusiast"": [], ""thoughtful_buyer"": [{""source"": ""Marketing claims / label keywords"", ""matches"": [""natural""]}, {""source"": ""Dietary flags"", ""matches"": [""no sulphites""]}, {""source"": ""target_segments"", ""matches"": [""Mindful snackers"", ""Eco-conscious shoppers""]}], ""smart_saver"": [{""source"": ""target_segments"", ""matches"": [""Fruit snackers""]}], ""quality_seeker"": [{""source"": ""Marketing claims / label keywords"", ""matches"": [""great taste""]}], ""on_the_go_shopper"": [{""source"": ""category"", ""matches"": [""Snacks""]}], ""impulse_buyer"": [{""source"": ""Need states served (inferred)"", ""matches"": [""sweet""]}, {""source"": ""Flavour profile"", ""matches"": [""sweet""]}, {""source"": ""category"", ""matches"": [""Snacks""]}], ""experience_explorer"": [], ""everyday_planner"": [{""source"": ""target_segments"", ""matches"": [""Fruit snackers""]}], ""conscious_consumer"": [{""source"": ""Label → target link (inferred)"", ""matches"": [""b corp""]}, {""source"": ""target_segments"", ""matches"": [""Eco-conscious shoppers""]}]}"
S010,Well & Truly,Crunchies — Smokey Paprika,Snacks,Baked corn snacks,0.79,0.0,0.826,0.126,0.478,0.277,0.34,0.0,0.165,0.0,thoughtful_buyer,wellness_seeker,"{""wellness_seeker"": [{""source"": ""Marketing claims / label keywords"", ""matches"": [""less fat""]}, {""source"": ""Label → target link (inferred)"", ""matches"": [""less fat""]}, {""source"": ""category"", ""matches"": [""Snacks""]}, {""source"": ""target_segments"", ""matches"": [""Gluten-free shoppers"", ""Mindful snackers""]}], ""trend_enthusiast"": [], ""thoughtful_buyer"": [{""source"": ""Marketing claims / label keywords"", ""matches"": [""ingredients"", ""natural""]}, {""source"": ""target_segments"", ""matches"": [""Gluten-free shoppers"", ""Mindful snackers""]}], ""smart_saver"": [{""source"": ""target_segments"", ""matches"": [""Savoury snackers""]}], ""quality_seeker"": [{""source"": ""Marketing claims / label keywords"", ""matches"": [""great taste""]}], ""on_the_go_shopper"": [{""source"": ""category"", ""matches"": [""Snacks""]}, {""source"": ""target_segments"", ""matches"": [""Savoury snackers""]}], ""impulse_buyer"": [{""source"": ""category"", ""matches"": [""Snacks""]}, {""source"": ""target_segments"", ""matches"": [""Savoury snackers""]}], ""experience_explorer"": [], ""everyday_planner"": [{""source"": ""target_segments"", ""matches"": [""Gluten-free shoppers""]}], ""conscious_consumer"": []}"
S011,Well & Truly,Crunchies — Really Cheesy,Snacks,Baked corn snacks,0.79,0.0,0.826,0.126,0.478,0.277,0.34,0.0,0.165,0.0,thoughtful_buyer,wellness_seeker,"{""wellness_seeker"": [{""source"": ""Marketing claims / label keywords"", ""matches"": [""less fat""]}, {""source"": ""Label → target link (inferred)"", ""matches"": [""less fat""]}, {""source"": ""category"", ""matches"": [""Snacks""]}, {""source"": ""target_segments"", ""matches"": [""Gluten-free shoppers"", ""Mindful snackers""]}], ""trend_enthusiast"": [], ""thoughtful_buyer"": [{""source"": ""Marketing claims / label keywords"", ""matches"": [""ingredients"", ""natural""]}, {""source"": ""target_segments"", ""matches"": [""Gluten-free shoppers"", ""Mindful snackers""]}], ""smart_saver"": [{""source"": ""target_segments"", ""matches"": [""Savoury snackers""]}], ""quality_seeker"": [{""source"": ""Marketing claims / label keywords"", ""matches"": [""great taste""]}], ""on_the_go_shopper"": [{""source"": ""category"", ""matches"": [""Snacks""]}, {""source"": ""target_segments"", ""matches"": [""Savoury snackers""]}], ""impulse_buyer"": [{""source"": ""category"", ""matches"": [""Snacks""]}, {""source"": ""target_segments"", ""matches"": [""Savoury snackers""]}], ""experience_explorer"": [], ""everyday_planner"": [{""source"": ""target_segments"", ""matches"": [""Gluten-free shoppers""]}], ""conscious_consumer"": []}"
S012,Well & Truly,Crunchies — Smokey Bacon,Snacks,Baked corn snacks,0.79,0.0,0.362,0.126,0.0,0.277,0.34,0.0,0.165,0.873,conscious_consumer,wellness_seeker,"{""wellness_seeker"": [{""source"": ""Marketing claims / label keywords"", ""matches"": [""less fat""]}, {""source"": ""Label → target link (inferred)"", ""matches"": [""less fat""]}, {""source"": ""category"", ""matches"": [""Snacks""]}, {""source"": ""target_segments"", ""matches"": [""Gluten-free shoppers"", ""Mindful snackers"", ""Plant-based shoppers""]}], ""trend_enthusiast"": [], ""thoughtful_buyer"": [{""source"": ""target_segments"", ""matches"": [""Gluten-free shoppers"", ""Mindful snackers""]}], ""smart_saver"": [{""source"": ""target_segments"", ""matches"": [""Savoury snackers""]}], ""quality_seeker"": [], ""on_the_go_shopper"": [{""source"": ""category"", ""matches"": [""Snacks""]}, {""source"": ""target_segments"", ""matches"": [""Savoury snackers""]}], ""impulse_buyer"": [{""source"": ""category"", ""matches"": [""Snacks""]}, {""source"": ""target_segments"", ""matches"": [""Savoury snackers""]}], ""experience_explorer"": [], ""everyday_planner"": [{""source"": ""target_segments"", ""matches"": [""Gluten-free shoppers""]}], ""conscious_consumer"": [{""source"": ""Marketing claims / label keywords"", ""matches"": [""vegan""]}, {""source"": ""Label → target link (inferred)"", ""matches"": [""plant based"", ""vegan""]}, {""source"": ""Dietary flags"", ""matches"": [""vegan""]}, {""source"": ""target_segments"", ""matches"": [""Plant-based shoppers""]}]}"
S013,Well & Truly,Crunchies — Sea Salt & Cider Vinegar,Snacks,Baked corn snacks,0.79,0.0,0.826,0.126,0.0,0.277,0.34,0.0,0.165,0.0,thoughtful_buyer,wellness_seeker,"{""wellness_seeker"": [{""source"": ""Marketing claims / label keywords"", ""matches"": [""less fat""]}, {""source"": ""Label → target link (inferred)"", ""matches"": [""less fat""]}, {""source"": ""category"", ""matches"": [""Snacks""]}, {""source"": ""target_segments"", ""matches"": [""Gluten-free shoppers"", ""Mindful snackers""]}], ""trend_enthusiast"": [], ""thoughtful_buyer"": [{""source"": ""Marketing claims / label keywords"", ""matches"": [""ingredients"", ""natural""]}, {""source"": ""target_segments"", ""matches"": [""Gluten-free shoppers"", ""Mindful snackers""]}], ""smart_saver"": [{""source"": ""target_segments"", ""matches"": [""Savoury snackers""]}], ""quality_seeker"": [], ""on_the_go_shopper"": [{""source"": ""category"", ""matches"": [""Snacks""]}, {""source"": ""target_segments"", ""matches"": [""Savoury snackers""]}], ""impulse_buyer"": [{""source"": ""category"", ""matches"": [""Snacks""]}, {""source"": ""target_segments"", ""matches"": [""Savoury snackers""]}], ""experience_explorer"": [], ""everyday_planner"": [{""source"": ""target_segments"", ""matches"": [""Gluten-free shoppers""]}], ""conscious_consumer"": []}"
S014,Well & Truly,Fudge & Brownie Oat M&lk Chocolate,Confectionery,Chocolate,0.362,0.0,0.362,0.0,0.0,0.0,0.954,0.177,0.165,0.939,impulse_buyer,conscious_consumer,"{""wellness_seeker"": [{""source"": ""target_segments"", ""matches"": [""Plant-based shoppers"", ""Gluten-free shoppers""]}], ""trend_enthusiast"": [], ""thoughtful_buyer"": [{""source"": ""target_segments"", ""matches"": [""Gluten-free shoppers"", ""Ethical shoppers""]}], ""smart_saver"": [], ""quality_seeker"": [], ""on_the_go_shopper"": [], ""impulse_buyer"": [{""source"": ""Product / variant"", ""matches"": [""chocolate"", ""brownie"", ""fudge""]}, {""source"": ""Need states served (inferred)"", ""matches"": [""treat"", ""sweet""]}, {""source"": ""Sub-category"", ""matches"": [""chocolate""]}, {""source"": ""Flavour profile"", ""matches"": [""chocolate"", ""brownie"", ""fudge""]}, {""source"": ""category"", ""matches"": [""Confectionery""]}, {""source"": ""target_segments"", ""matches"": [""Sweet treat seekers""]}], ""experience_explorer"": [{""source"": ""category"", ""matches"": [""Confectionery""]}, {""source"": ""target_segments"", ""matches"": [""Sweet treat seekers""]}], ""everyday_planner"": [{""source"": ""target_segments"", ""matches"": [""Gluten-free shoppers""]}], ""conscious_consumer"": [{""source"": ""Marketing claims / label keywords"", ""matches"": [""plant based"", ""ethical""]}, {""source"": ""Label → target link (inferred)"", ""matches"": [""plant based"", ""ethical""]}, {""source"": ""Dietary flags"", ""matches"": [""plant based""]}, {""source"": ""target_segments"", ""matches"": [""Plant-based shoppers"", ""Ethical shoppers""]}]}"
S015,Helen Browning’s Organic,Organic Corned Beef,Pantry,Preserved meat,0.201,0.0,0.095,0.0,0.411,0.603,0.201,0.165,0.53,0.867,conscious_consumer,on_the_go_shopper,"{""wellness_seeker"": [{""source"": ""target_segments"", ""matches"": [""Organic shoppers""]}], ""trend_enthusiast"": [], ""thoughtful_buyer"": [{""source"": ""category"", ""matches"": [""Pantry""]}], ""smart_saver"": [], ""quality_seeker"": [{""source"": ""category"", ""matches"": [""Pantry""]}, {""source"": ""target_segments"", ""matches"": [""Home cooks"", ""Organic shoppers""]}], ""on_the_go_shopper"": [{""source"": ""Label → target link (inferred)"", ""matches"": [""convenience""]}, {""source"": ""Need states served (inferred)"", ""matches"": [""convenient""]}, {""source"": ""target_segments"", ""matches"": [""Meat snackers""]}], ""impulse_buyer"": [{""source"": ""target_segments"", ""matches"": [""Meat snackers""]}], ""experience_explorer"": [{""source"": ""target_segments"", ""matches"": [""Home cooks""]}], ""everyday_planner"": [{""source"": ""Need states served (inferred)"", ""matches"": [""meal""]}, {""source"": ""category"", ""matches"": [""Pantry""]}, {""source"": ""target_segments"", ""matches"": [""Home cooks""]}], ""conscious_consumer"": [{""source"": ""Marketing claims / label keywords"", ""matches"": [""organic""]}, {""source"": ""Product / variant"", ""matches"": [""organic""]}, {""source"": ""Label → target link (inferred)"", ""matches"": [""organic""]}, {""source"": ""Dietary flags"", ""matches"": [""organic""]}, {""source"": ""target_segments"", ""matches"": [""Organic shoppers""]}]}"
S016,Dr. Will’s,Avocado Oil Mayo,Pantry,Mayonnaise,0.378,0.0,0.779,0.0,0.615,0.0,0.0,0.165,0.844,0.0,everyday_planner,thoughtful_buyer,"{""wellness_seeker"": [{""source"": ""Dietary flags"", ""matches"": [""sugar free""]}, {""source"": ""target_segments"", ""matches"": [""Ingredient-conscious shoppers""]}], ""trend_enthusiast"": [], ""thoughtful_buyer"": [{""source"": ""Marketing claims / label keywords"", ""matches"": [""natural""]}, {""source"": ""Label → target link (inferred)"", ""matches"": [""natural""]}, {""source"": ""category"", ""matches"": [""Pantry""]}, {""source"": ""target_segments"", ""matches"": [""Ingredient-conscious shoppers""]}], ""smart_saver"": [], ""quality_seeker"": [{""source"": ""Marketing claims / label keywords"", ""matches"": [""great taste""]}, {""source"": ""category"", ""matches"": [""Pantry""]}, {""source"": ""target_segments"", ""matches"": [""Home cooks""]}], ""on_the_go_shopper"": [], ""impulse_buyer"": [], ""experience_explorer"": [{""source"": ""target_segments"", ""matches"": [""Home cooks""]}], ""everyday_planner"": [{""source"": ""Product / variant"", ""matches"": [""mayo""]}, {""source"": ""Label → target link (inferred)"", ""matches"": [""mayo""]}, {""source"": ""Need states served (inferred)"", ""matches"": [""cooking"", ""meal""]}, {""source"": ""category"", ""matches"": [""Pantry""]}, {""source"": ""target_segments"", ""matches"": [""Home cooks""]}], ""conscious_consumer"": []}"
S017,Dr. Will’s,Buffalo Hot Sauce,Pantry,Hot sauce,0.0,0.165,0.683,0.0,0.263,0.0,0.0,0.528,0.53,0.0,thoughtful_buyer,everyday_planner,"{""wellness_seeker"": [], ""trend_enthusiast"": [{""source"": ""target_segments"", ""matches"": [""Spice lovers""]}], ""thoughtful_buyer"": [{""source"": ""Marketing claims / label keywords"", ""matches"": [""natural""]}, {""source"": ""Label → target link (inferred)"", ""matches"": [""natural""]}, {""source"": ""category"", ""matches"": [""Pantry""]}], ""smart_saver"": [], ""quality_seeker"": [{""source"": ""category"", ""matches"": [""Pantry""]}, {""source"": ""target_segments"", ""matches"": [""Home cooks""]}], ""on_the_go_shopper"": [], ""impulse_buyer"": [], ""experience_explorer"": [{""source"": ""Need states served (inferred)"", ""matches"": [""heat""]}, {""source"": ""target_segments"", ""matches"": [""Spice lovers"", ""Home cooks""]}], ""everyday_planner"": [{""source"": ""Need states served (inferred)"", ""matches"": [""cooking""]}, {""source"": ""category"", ""matches"": [""Pantry""]}, {""source"": ""target_segments"", ""matches"": [""Home cooks""]}], ""conscious_consumer"": []}"
S018,EP!C Snax Co.,Plant Power Toastin’ Marshmallows,Confectionery,Marshmallows,0.237,0.0,0.727,0.0,0.0,0.0,0.873,0.555,0.0,0.873,impulse_buyer,conscious_consumer,"{""wellness_seeker"": [{""source"": ""target_segments"", ""matches"": [""Plant-based shoppers""]}], ""trend_enthusiast"": [], ""thoughtful_buyer"": [{""source"": ""Marketing claims / label keywords"", ""matches"": [""ingredients"", ""natural""]}], ""smart_saver"": [], ""quality_seeker"": [], ""on_the_go_shopper"": [], ""impulse_buyer"": [{""source"": ""Product / variant"", ""matches"": [""marshmallows""]}, {""source"": ""Need states served (inferred)"", ""matches"": [""treat"", ""sweet""]}, {""source"": ""Sub-category"", ""matches"": [""marshmallows""]}, {""source"": ""Flavour profile"", ""matches"": [""sweet""]}, {""source"": ""category"", ""matches"": [""Confectionery""]}, {""source"": ""target_segments"", ""matches"": [""Sweet treat seekers"", ""Outdoor socialisers""]}], ""experience_explorer"": [{""source"": ""Need states served (inferred)"", ""matches"": [""toasting""]}, {""source"": ""category"", ""matches"": [""Confectionery""]}, {""source"": ""target_segments"", ""matches"": [""Sweet treat seekers"", ""Outdoor socialisers""]}], ""everyday_planner"": [], ""conscious_consumer"": [{""source"": ""Marketing claims / label keywords"", ""matches"": [""vegan""]}, {""source"": ""Label → target link (inferred)"", ""matches"": [""plant based"", ""vegan""]}, {""source"": ""Dietary flags"", ""matches"": [""vegan""]}, {""source"": ""target_segments"", ""matches"": [""Plant-based shoppers""]}]}"
S019,EP!C Snax Co.,Giant Toastin’ Marshmallows,Confectionery,Marshmallows,0.0,0.0,0.0,0.0,0.0,0.0,0.873,0.555,0.0,0.0,impulse_buyer,experience_explorer,"{""wellness_seeker"": [], ""trend_enthusiast"": [], ""thoughtful_buyer"": [], ""smart_saver"": [], ""quality_seeker"": [], ""on_the_go_shopper"": [], ""impulse_buyer"": [{""source"": ""Product / variant"", ""matches"": [""marshmallows""]}, {""source"": ""Need states served (inferred)"", ""matches"": [""treat"", ""sweet""]}, {""source"": ""Sub-category"", ""matches"": [""marshmallows""]}, {""source"": ""Flavour profile"", ""matches"": [""sweet""]}, {""source"": ""category"", ""matches"": [""Confectionery""]}, {""source"": ""target_segments"", ""matches"": [""Sweet treat seekers"", ""Outdoor socialisers""]}], ""experience_explorer"": [{""source"": ""Need states served (inferred)"", ""matches"": [""toasting""]}, {""source"": ""category"", ""matches"": [""Confectionery""]}, {""source"": ""target_segments"", ""matches"": [""Sweet treat seekers"", ""Outdoor socialisers""]}], ""everyday_planner"": [], ""conscious_consumer"": []}"
S020,ötzibrew,Organic Dandelion & Burdock Root Coffee Alternative,Pantry,Coffee alternative,0.362,0.201,0.095,0.0,0.295,0.0,0.0,0.0,0.131,0.801,conscious_consumer,wellness_seeker,"{""wellness_seeker"": [{""source"": ""target_segments"", ""matches"": [""Coffee-alternative shoppers"", ""Organic shoppers""]}], ""trend_enthusiast"": [{""source"": ""target_segments"", ""matches"": [""Coffee-alternative shoppers""]}], ""thoughtful_buyer"": [{""source"": ""category"", ""matches"": [""Pantry""]}], ""smart_saver"": [], ""quality_seeker"": [{""source"": ""category"", ""matches"": [""Pantry""]}, {""source"": ""target_segments"", ""matches"": [""Organic shoppers""]}], ""on_the_go_shopper"": [], ""impulse_buyer"": [], ""experience_explorer"": [], ""everyday_planner"": [{""source"": ""category"", ""matches"": [""Pantry""]}], ""conscious_consumer"": [{""source"": ""Marketing claims / label keywords"", ""matches"": [""organic""]}, {""source"": ""Product / variant"", ""matches"": [""organic""]}, {""source"": ""Dietary flags"", ""matches"": [""organic""]}, {""source"": ""target_segments"", ""matches"": [""Organic shoppers""]}]}"
S021,OOM,Balance,Drinks,Functional sparkling drink,0.983,0.263,0.33,0.0,0.0,0.077,0.0,0.33,0.0,0.221,wellness_seeker,thoughtful_buyer,"{""wellness_seeker"": [{""source"": ""Marketing claims / label keywords"", ""matches"": [""vitamin"", ""balance""]}, {""source"": ""Product / variant"", ""matches"": [""balance""]}, {""source"": ""Label → target link (inferred)"", ""matches"": [""wellness"", ""balance""]}, {""source"": ""Need states served (inferred)"", ""matches"": [""wellness""]}, {""source"": ""Sub-category"", ""matches"": [""functional""]}, {""source"": ""Dietary flags"", ""matches"": [""functional"", ""low sugar""]}, {""source"": ""category"", ""matches"": [""Drinks""]}, {""source"": ""target_segments"", ""matches"": [""Functional wellness shoppers""]}], ""trend_enthusiast"": [{""source"": ""category"", ""matches"": [""Drinks""]}, {""source"": ""target_segments"", ""matches"": [""Functional wellness shoppers""]}], ""thoughtful_buyer"": [{""source"": ""Label → target link (inferred)"", ""matches"": [""ingredients""]}], ""smart_saver"": [], ""quality_seeker"": [], ""on_the_go_shopper"": [{""source"": ""category"", ""matches"": [""Drinks""]}], ""impulse_buyer"": [], ""experience_explorer"": [{""source"": ""Label → target link (inferred)"", ""matches"": [""botanical""]}], ""everyday_planner"": [], ""conscious_consumer"": [{""source"": ""Dietary flags"", ""matches"": [""vegan""]}]}"
S022,ChariTea,Mate Sparkling,Drinks,Sparkling yerba mate tea,0.343,0.077,0.362,0.0,0.237,0.077,0.0,0.0,0.847,0.884,conscious_consumer,everyday_planner,"{""wellness_seeker"": [{""source"": ""category"", ""matches"": [""Drinks""]}, {""source"": ""target_segments"", ""matches"": [""Tea drinkers"", ""Organic shoppers""]}], ""trend_enthusiast"": [{""source"": ""category"", ""matches"": [""Drinks""]}], ""thoughtful_buyer"": [{""source"": ""target_segments"", ""matches"": [""Tea drinkers"", ""Ethical shoppers""]}], ""smart_saver"": [], ""quality_seeker"": [{""source"": ""target_segments"", ""matches"": [""Organic shoppers""]}], ""on_the_go_shopper"": [{""source"": ""category"", ""matches"": [""Drinks""]}], ""impulse_buyer"": [], ""experience_explorer"": [], ""everyday_planner"": [{""source"": ""Marketing claims / label keywords"", ""matches"": [""tea""]}, {""source"": ""Label → target link (inferred)"", ""matches"": [""tea""]}, {""source"": ""Need states served (inferred)"", ""matches"": [""tea""]}, {""source"": ""Sub-category"", ""matches"": [""tea""]}, {""source"": ""target_segments"", ""matches"": [""Tea drinkers""]}], ""conscious_consumer"": [{""source"": ""Marketing claims / label keywords"", ""matches"": [""organic""]}, {""source"": ""Label → target link (inferred)"", ""matches"": [""ethical"", ""organic""]}, {""source"": ""Dietary flags"", ""matches"": [""organic""]}, {""source"": ""target_segments"", ""matches"": [""Ethical shoppers"", ""Organic shoppers""]}]}"
S023,mindfuel flow,Mushroom Iced Latte — Salted Caramel,Drinks,Functional iced latte,0.974,0.743,0.652,0.0,0.0,0.295,0.423,0.0,0.0,0.873,wellness_seeker,conscious_consumer,"{""wellness_seeker"": [{""source"": ""Marketing claims / label keywords"", ""matches"": [""no added sugar"", ""caffeine free"", ""lion s mane""]}, {""source"": ""Label → target link (inferred)"", ""matches"": [""caffeine free""]}, {""source"": ""Sub-category"", ""matches"": [""functional""]}, {""source"": ""Dietary flags"", ""matches"": [""no added sugar"", ""caffeine free""]}, {""source"": ""category"", ""matches"": [""Drinks""]}, {""source"": ""target_segments"", ""matches"": [""Focus-oriented shoppers"", ""Caffeine reducers"", ""Plant-based shoppers"", ""Sugar-conscious shoppers""]}], ""trend_enthusiast"": [{""source"": ""Product / variant"", ""matches"": [""iced latte"", ""mushroom""]}, {""source"": ""Sub-category"", ""matches"": [""iced latte""]}, {""source"": ""category"", ""matches"": [""Drinks""]}, {""source"": ""target_segments"", ""matches"": [""Focus-oriented shoppers""]}], ""thoughtful_buyer"": [{""source"": ""Marketing claims / label keywords"", ""matches"": [""naturally""]}, {""source"": ""target_segments"", ""matches"": [""Caffeine reducers"", ""Sugar-conscious shoppers""]}], ""smart_saver"": [], ""quality_seeker"": [], ""on_the_go_shopper"": [{""source"": ""category"", ""matches"": [""Drinks""]}, {""source"": ""target_segments"", ""matches"": [""Focus-oriented shoppers""]}], ""impulse_buyer"": [{""source"": ""Product / variant"", ""matches"": [""caramel""]}, {""source"": ""Flavour profile"", ""matches"": [""caramel""]}], ""experience_explorer"": [], ""everyday_planner"": [], ""conscious_consumer"": [{""source"": ""Marketing claims / label keywords"", ""matches"": [""vegan""]}, {""source"": ""Label → target link (inferred)"", ""matches"": [""plant based"", ""vegan""]}, {""source"": ""Dietary flags"", ""matches"": [""vegan""]}, {""source"": ""target_segments"", ""matches"": [""Plant-based shoppers""]}]}"
S024,Lowrise,Lager,Alcoholic drinks,Beer,0.362,0.095,0.201,0.0,0.0,0.0,0.277,0.306,0.302,0.0,wellness_seeker,experience_explorer,"{""wellness_seeker"": [{""source"": ""target_segments"", ""matches"": [""Gluten-free shoppers"", ""Calorie-conscious shoppers""]}], ""trend_enthusiast"": [{""source"": ""category"", ""matches"": [""Alcoholic drinks""]}], ""thoughtful_buyer"": [{""source"": ""target_segments"", ""matches"": [""Gluten-free shoppers""]}], ""smart_saver"": [], ""quality_seeker"": [], ""on_the_go_shopper"": [], ""impulse_buyer"": [{""source"": ""category"", ""matches"": [""Alcoholic drinks""]}, {""source"": ""target_segments"", ""matches"": [""Adult beer drinkers""]}], ""experience_explorer"": [{""source"": ""category"", ""matches"": [""Alcoholic drinks""]}, {""source"": ""target_segments"", ""matches"": [""Adult beer drinkers""]}], ""everyday_planner"": [{""source"": ""target_segments"", ""matches"": [""Gluten-free shoppers"", ""Calorie-conscious shoppers""]}], ""conscious_consumer"": []}"
S025,DASH,Pink Lady Apple Sparkling Water,Drinks,Flavoured sparkling water,0.555,0.077,0.201,0.0,0.0,0.295,0.165,0.0,0.165,0.0,wellness_seeker,on_the_go_shopper,"{""wellness_seeker"": [{""source"": ""Need states served (inferred)"", ""matches"": [""hydration""]}, {""source"": ""category"", ""matches"": [""Drinks""]}, {""source"": ""target_segments"", ""matches"": [""Sugar-conscious shoppers"", ""Calorie-conscious shoppers""]}], ""trend_enthusiast"": [{""source"": ""category"", ""matches"": [""Drinks""]}], ""thoughtful_buyer"": [{""source"": ""target_segments"", ""matches"": [""Sugar-conscious shoppers""]}], ""smart_saver"": [], ""quality_seeker"": [], ""on_the_go_shopper"": [{""source"": ""category"", ""matches"": [""Drinks""]}, {""source"": ""target_segments"", ""matches"": [""Refreshment seekers""]}], ""impulse_buyer"": [{""source"": ""target_segments"", ""matches"": [""Refreshment seekers""]}], ""experience_explorer"": [], ""everyday_planner"": [{""source"": ""target_segments"", ""matches"": [""Calorie-conscious shoppers""]}], ""conscious_consumer"": []}"
S026,Lowrise,Hazy Pale,Alcoholic drinks,Beer,0.362,0.095,0.201,0.0,0.0,0.0,0.277,0.306,0.302,0.0,wellness_seeker,experience_explorer,"{""wellness_seeker"": [{""source"": ""target_segments"", ""matches"": [""Gluten-free shoppers"", ""Calorie-conscious shoppers""]}], ""trend_enthusiast"": [{""source"": ""category"", ""matches"": [""Alcoholic drinks""]}], ""thoughtful_buyer"": [{""source"": ""target_segments"", ""matches"": [""Gluten-free shoppers""]}], ""smart_saver"": [], ""quality_seeker"": [], ""on_the_go_shopper"": [], ""impulse_buyer"": [{""source"": ""category"", ""matches"": [""Alcoholic drinks""]}, {""source"": ""target_segments"", ""matches"": [""Adult beer drinkers""]}], ""experience_explorer"": [{""source"": ""category"", ""matches"": [""Alcoholic drinks""]}, {""source"": ""target_segments"", ""matches"": [""Adult beer drinkers""]}], ""everyday_planner"": [{""source"": ""target_segments"", ""matches"": [""Gluten-free shoppers"", ""Calorie-conscious shoppers""]}], ""conscious_consumer"": []}"
S027,Pentire,Coastal Spritz,Drinks,Non-alcoholic aperitif,0.281,0.295,0.0,0.0,0.237,0.077,0.0,0.873,0.0,0.0,experience_explorer,trend_enthusiast,"{""wellness_seeker"": [{""source"": ""category"", ""matches"": [""Drinks""]}, {""source"": ""target_segments"", ""matches"": [""Alcohol-free socialisers""]}], ""trend_enthusiast"": [{""source"": ""category"", ""matches"": [""Drinks""]}, {""source"": ""target_segments"", ""matches"": [""Alcohol-free socialisers""]}], ""thoughtful_buyer"": [], ""smart_saver"": [], ""quality_seeker"": [{""source"": ""target_segments"", ""matches"": [""Botanical drink explorers""]}], ""on_the_go_shopper"": [{""source"": ""category"", ""matches"": [""Drinks""]}], ""impulse_buyer"": [], ""experience_explorer"": [{""source"": ""Marketing claims / label keywords"", ""matches"": [""aperitif""]}, {""source"": ""Product / variant"", ""matches"": [""spritz""]}, {""source"": ""Label → target link (inferred)"", ""matches"": [""aperitif""]}, {""source"": ""Sub-category"", ""matches"": [""aperitif""]}, {""source"": ""target_segments"", ""matches"": [""Botanical drink explorers""]}], ""everyday_planner"": [], ""conscious_consumer"": []}"
S028,Gut Food / Ferment Fizz,Orange & Mango Lemonade,Drinks,Fermented lemonade,0.962,0.411,0.221,0.0,0.0,0.077,0.0,0.237,0.0,0.393,wellness_seeker,trend_enthusiast,"{""wellness_seeker"": [{""source"": ""Marketing claims / label keywords"", ""matches"": [""prebiotic"", ""wellness""]}, {""source"": ""Label → target link (inferred)"", ""matches"": [""prebiotic"", ""wellness"", ""health"", ""gut""]}, {""source"": ""Need states served (inferred)"", ""matches"": [""wellness""]}, {""source"": ""category"", ""matches"": [""Drinks""]}, {""source"": ""target_segments"", ""matches"": [""Functional wellness shoppers""]}], ""trend_enthusiast"": [{""source"": ""category"", ""matches"": [""Drinks""]}, {""source"": ""target_segments"", ""matches"": [""Functional wellness shoppers"", ""Fruit-drink explorers""]}], ""thoughtful_buyer"": [{""source"": ""Dietary flags"", ""matches"": [""free from""]}], ""smart_saver"": [], ""quality_seeker"": [], ""on_the_go_shopper"": [{""source"": ""category"", ""matches"": [""Drinks""]}], ""impulse_buyer"": [], ""experience_explorer"": [{""source"": ""target_segments"", ""matches"": [""Fruit-drink explorers""]}], ""everyday_planner"": [], ""conscious_consumer"": [{""source"": ""Dietary flags"", ""matches"": [""plant based"", ""vegan""]}]}"
S029,Gut Food / Ferment Fizz,Lemon & Raspberry Lemonade,Drinks,Fermented lemonade,0.977,0.411,0.221,0.0,0.0,0.077,0.0,0.237,0.0,0.0,wellness_seeker,trend_enthusiast,"{""wellness_seeker"": [{""source"": ""Marketing claims / label keywords"", ""matches"": [""prebiotic"", ""wellness""]}, {""source"": ""Label → target link (inferred)"", ""matches"": [""prebiotic"", ""wellness"", ""health"", ""gut""]}, {""source"": ""Need states served (inferred)"", ""matches"": [""wellness""]}, {""source"": ""Dietary flags"", ""matches"": [""prebiotic"", ""fibre""]}, {""source"": ""category"", ""matches"": [""Drinks""]}, {""source"": ""target_segments"", ""matches"": [""Functional wellness shoppers""]}], ""trend_enthusiast"": [{""source"": ""category"", ""matches"": [""Drinks""]}, {""source"": ""target_segments"", ""matches"": [""Functional wellness shoppers"", ""Fruit-drink explorers""]}], ""thoughtful_buyer"": [{""source"": ""Dietary flags"", ""matches"": [""free from""]}], ""smart_saver"": [], ""quality_seeker"": [], ""on_the_go_shopper"": [{""source"": ""category"", ""matches"": [""Drinks""]}], ""impulse_buyer"": [], ""experience_explorer"": [{""source"": ""target_segments"", ""matches"": [""Fruit-drink explorers""]}], ""everyday_planner"": [], ""conscious_consumer"": []}"
S030,Navas,Original Tonic Water,Drinks,Tonic mixer,0.058,0.263,0.0,0.0,0.777,0.077,0.0,0.905,0.0,0.0,experience_explorer,quality_seeker,"{""wellness_seeker"": [{""source"": ""category"", ""matches"": [""Drinks""]}], ""trend_enthusiast"": [{""source"": ""category"", ""matches"": [""Drinks""]}, {""source"": ""target_segments"", ""matches"": [""Cocktail enthusiasts""]}], ""thoughtful_buyer"": [], ""smart_saver"": [], ""quality_seeker"": [{""source"": ""Marketing claims / label keywords"", ""matches"": [""premium""]}, {""source"": ""Label → target link (inferred)"", ""matches"": [""premium""]}, {""source"": ""target_segments"", ""matches"": [""Cocktail enthusiasts"", ""Botanical drink explorers""]}], ""on_the_go_shopper"": [{""source"": ""category"", ""matches"": [""Drinks""]}], ""impulse_buyer"": [], ""experience_explorer"": [{""source"": ""Marketing claims / label keywords"", ""matches"": [""botanical""]}, {""source"": ""Label → target link (inferred)"", ""matches"": [""botanical"", ""cocktail""]}, {""source"": ""Sub-category"", ""matches"": [""mixer""]}, {""source"": ""Flavour profile"", ""matches"": [""botanical""]}, {""source"": ""target_segments"", ""matches"": [""Cocktail enthusiasts"", ""Botanical drink explorers""]}], ""everyday_planner"": [], ""conscious_consumer"": []}"
S031,Navas,Fiery Ginger Beer,Drinks,Ginger beer mixer,0.058,0.785,0.0,0.0,0.601,0.077,0.0,0.858,0.0,0.0,experience_explorer,trend_enthusiast,"{""wellness_seeker"": [{""source"": ""category"", ""matches"": [""Drinks""]}], ""trend_enthusiast"": [{""source"": ""Marketing claims / label keywords"", ""matches"": [""bold""]}, {""source"": ""Label → target link (inferred)"", ""matches"": [""bold""]}, {""source"": ""category"", ""matches"": [""Drinks""]}, {""source"": ""target_segments"", ""matches"": [""Cocktail enthusiasts"", ""Spice lovers""]}], ""thoughtful_buyer"": [], ""smart_saver"": [], ""quality_seeker"": [{""source"": ""Marketing claims / label keywords"", ""matches"": [""premium""]}, {""source"": ""target_segments"", ""matches"": [""Cocktail enthusiasts""]}], ""on_the_go_shopper"": [{""source"": ""category"", ""matches"": [""Drinks""]}], ""impulse_buyer"": [], ""experience_explorer"": [{""source"": ""Marketing claims / label keywords"", ""matches"": [""botanical""]}, {""source"": ""Label → target link (inferred)"", ""matches"": [""spicy""]}, {""source"": ""Sub-category"", ""matches"": [""mixer""]}, {""source"": ""Flavour profile"", ""matches"": [""spicy""]}, {""source"": ""target_segments"", ""matches"": [""Cocktail enthusiasts"", ""Spice lovers""]}], ""everyday_planner"": [], ""conscious_consumer"": []}"
S032,Gut Food / Ferment Fizz,Lemon Lemonade,Drinks,Fermented lemonade,0.985,0.411,0.201,0.0,0.0,0.077,0.0,0.237,0.0,0.0,wellness_seeker,trend_enthusiast,"{""wellness_seeker"": [{""source"": ""Marketing claims / label keywords"", ""matches"": [""low sugar"", ""prebiotic"", ""wellness""]}, {""source"": ""Label → target link (inferred)"", ""matches"": [""prebiotic"", ""wellness"", ""health"", ""gut""]}, {""source"": ""Need states served (inferred)"", ""matches"": [""wellness""]}, {""source"": ""Dietary flags"", ""matches"": [""low sugar""]}, {""source"": ""category"", ""matches"": [""Drinks""]}, {""source"": ""target_segments"", ""matches"": [""Functional wellness shoppers"", ""Sugar-conscious shoppers""]}], ""trend_enthusiast"": [{""source"": ""category"", ""matches"": [""Drinks""]}, {""source"": ""target_segments"", ""matches"": [""Functional wellness shoppers"", ""Fruit-drink explorers""]}], ""thoughtful_buyer"": [{""source"": ""target_segments"", ""matches"": [""Sugar-conscious shoppers""]}], ""smart_saver"": [], ""quality_seeker"": [], ""on_the_go_shopper"": [{""source"": ""category"", ""matches"": [""Drinks""]}], ""impulse_buyer"": [], ""experience_explorer"": [{""source"": ""target_segments"", ""matches"": [""Fruit-drink explorers""]}], ""everyday_planner"": [], ""conscious_consumer"": []}"
S033,JimJams,Hazelnut Chocolate Spread,Pantry,Sweet spread,0.81,0.0,0.803,0.0,0.615,0.0,0.836,0.27,0.895,0.0,everyday_planner,impulse_buyer,"{""wellness_seeker"": [{""source"": ""Marketing claims / label keywords"", ""matches"": [""no added sugar""]}, {""source"": ""Label → target link (inferred)"", ""matches"": [""no added sugar""]}, {""source"": ""Dietary flags"", ""matches"": [""no added sugar""]}, {""source"": ""target_segments"", ""matches"": [""Sugar-conscious shoppers""]}], ""trend_enthusiast"": [], ""thoughtful_buyer"": [{""source"": ""Marketing claims / label keywords"", ""matches"": [""ingredients"", ""natural""]}, {""source"": ""category"", ""matches"": [""Pantry""]}, {""source"": ""target_segments"", ""matches"": [""Sugar-conscious shoppers""]}], ""smart_saver"": [], ""quality_seeker"": [{""source"": ""Marketing claims / label keywords"", ""matches"": [""great taste""]}, {""source"": ""category"", ""matches"": [""Pantry""]}, {""source"": ""target_segments"", ""matches"": [""Home cooks""]}], ""on_the_go_shopper"": [], ""impulse_buyer"": [{""source"": ""Product / variant"", ""matches"": [""chocolate""]}, {""source"": ""Need states served (inferred)"", ""matches"": [""treat"", ""sweet""]}, {""source"": ""Sub-category"", ""matches"": [""sweet""]}, {""source"": ""Flavour profile"", ""matches"": [""chocolate""]}, {""source"": ""target_segments"", ""matches"": [""Sweet treat seekers""]}], ""experience_explorer"": [{""source"": ""target_segments"", ""matches"": [""Home cooks"", ""Sweet treat seekers""]}], ""everyday_planner"": [{""source"": ""Product / variant"", ""matches"": [""spread""]}, {""source"": ""Label → target link (inferred)"", ""matches"": [""breakfast"", ""spread""]}, {""source"": ""Need states served (inferred)"", ""matches"": [""breakfast""]}, {""source"": ""Sub-category"", ""matches"": [""spread""]}, {""source"": ""category"", ""matches"": [""Pantry""]}, {""source"": ""target_segments"", ""matches"": [""Home cooks""]}], ""conscious_consumer"": []}"
S034,Pentire,Adrift,Drinks,Non-alcoholic spirit alternative,0.281,0.411,0.0,0.0,0.237,0.077,0.0,0.532,0.0,0.0,experience_explorer,trend_enthusiast,"{""wellness_seeker"": [{""source"": ""category"", ""matches"": [""Drinks""]}, {""source"": ""target_segments"", ""matches"": [""Alcohol-free socialisers""]}], ""trend_enthusiast"": [{""source"": ""category"", ""matches"": [""Drinks""]}, {""source"": ""target_segments"", ""matches"": [""Alcohol-free socialisers"", ""Cocktail enthusiasts""]}], ""thoughtful_buyer"": [], ""smart_saver"": [], ""quality_seeker"": [{""source"": ""target_segments"", ""matches"": [""Cocktail enthusiasts""]}], ""on_the_go_shopper"": [{""source"": ""category"", ""matches"": [""Drinks""]}], ""impulse_buyer"": [], ""experience_explorer"": [{""source"": ""Label → target link (inferred)"", ""matches"": [""botanical""]}, {""source"": ""target_segments"", ""matches"": [""Cocktail enthusiasts""]}], ""everyday_planner"": [], ""conscious_consumer"": []}"
S035,The London Essence Co.,Original Indian Tonic Water,Drinks,Tonic mixer,0.058,0.263,0.0,0.0,0.237,0.077,0.126,0.528,0.0,0.0,experience_explorer,trend_enthusiast,"{""wellness_seeker"": [{""source"": ""category"", ""matches"": [""Drinks""]}], ""trend_enthusiast"": [{""source"": ""category"", ""matches"": [""Drinks""]}, {""source"": ""target_segments"", ""matches"": [""Cocktail enthusiasts""]}], ""thoughtful_buyer"": [], ""smart_saver"": [], ""quality_seeker"": [{""source"": ""target_segments"", ""matches"": [""Cocktail enthusiasts""]}], ""on_the_go_shopper"": [{""source"": ""category"", ""matches"": [""Drinks""]}], ""impulse_buyer"": [{""source"": ""target_segments"", ""matches"": [""Citrus flavour seekers""]}], ""experience_explorer"": [{""source"": ""Sub-category"", ""matches"": [""mixer""]}, {""source"": ""target_segments"", ""matches"": [""Cocktail enthusiasts"", ""Citrus flavour seekers""]}], ""everyday_planner"": [], ""conscious_consumer"": []}"
S036,Double Dutch,Indian Tonic Water,Drinks,Tonic mixer,0.058,0.263,0.478,0.0,0.733,0.077,0.0,0.702,0.0,0.221,quality_seeker,experience_explorer,"{""wellness_seeker"": [{""source"": ""category"", ""matches"": [""Drinks""]}], ""trend_enthusiast"": [{""source"": ""category"", ""matches"": [""Drinks""]}, {""source"": ""target_segments"", ""matches"": [""Cocktail enthusiasts""]}], ""thoughtful_buyer"": [{""source"": ""Marketing claims / label keywords"", ""matches"": [""naturally""]}], ""smart_saver"": [], ""quality_seeker"": [{""source"": ""Marketing claims / label keywords"", ""matches"": [""premium""]}, {""source"": ""Label → target link (inferred)"", ""matches"": [""premium""]}, {""source"": ""target_segments"", ""matches"": [""Cocktail enthusiasts""]}], ""on_the_go_shopper"": [{""source"": ""category"", ""matches"": [""Drinks""]}], ""impulse_buyer"": [], ""experience_explorer"": [{""source"": ""Label → target link (inferred)"", ""matches"": [""cocktail""]}, {""source"": ""Sub-category"", ""matches"": [""mixer""]}, {""source"": ""Flavour profile"", ""matches"": [""botanical""]}, {""source"": ""target_segments"", ""matches"": [""Cocktail enthusiasts""]}], ""everyday_planner"": [], ""conscious_consumer"": [{""source"": ""Dietary flags"", ""matches"": [""vegan""]}]}"
S037,Double ‘D’,Savvy Sweets Sour Bears,Confectionery,Gummy sweets,0.939,0.0,0.652,0.0,0.0,0.0,0.812,0.177,0.0,0.81,wellness_seeker,impulse_buyer,"{""wellness_seeker"": [{""source"": ""Marketing claims / label keywords"", ""matches"": [""prebiotic"", ""fibre""]}, {""source"": ""Label → target link (inferred)"", ""matches"": [""prebiotic"", ""fibre""]}, {""source"": ""Dietary flags"", ""matches"": [""no added sugar""]}, {""source"": ""target_segments"", ""matches"": [""Plant-based shoppers"", ""Sugar-conscious shoppers"", ""Fibre seekers""]}], ""trend_enthusiast"": [], ""thoughtful_buyer"": [{""source"": ""Marketing claims / label keywords"", ""matches"": [""natural""]}, {""source"": ""target_segments"", ""matches"": [""Sugar-conscious shoppers"", ""Fibre seekers""]}], ""smart_saver"": [], ""quality_seeker"": [], ""on_the_go_shopper"": [], ""impulse_buyer"": [{""source"": ""Product / variant"", ""matches"": [""sour""]}, {""source"": ""Need states served (inferred)"", ""matches"": [""treat"", ""sweet""]}, {""source"": ""Flavour profile"", ""matches"": [""sour""]}, {""source"": ""category"", ""matches"": [""Confectionery""]}, {""source"": ""target_segments"", ""matches"": [""Sweet treat seekers""]}], ""experience_explorer"": [{""source"": ""category"", ""matches"": [""Confectionery""]}, {""source"": ""target_segments"", ""matches"": [""Sweet treat seekers""]}], ""everyday_planner"": [], ""conscious_consumer"": [{""source"": ""Marketing claims / label keywords"", ""matches"": [""plant based""]}, {""source"": ""Label → target link (inferred)"", ""matches"": [""plant based""]}, {""source"": ""Dietary flags"", ""matches"": [""plant based""]}, {""source"": ""target_segments"", ""matches"": [""Plant-based shoppers""]}]}"
S038,Coco Cubes,Chocolate Coconut Bites,Snacks,Coconut bites,0.687,0.0,0.201,0.0,0.0,0.095,0.73,0.126,0.165,0.901,conscious_consumer,impulse_buyer,"{""wellness_seeker"": [{""source"": ""Marketing claims / label keywords"", ""matches"": [""kcal""]}, {""source"": ""category"", ""matches"": [""Snacks""]}, {""source"": ""target_segments"", ""matches"": [""Plant-based shoppers"", ""Gluten-free shoppers""]}], ""trend_enthusiast"": [], ""thoughtful_buyer"": [{""source"": ""target_segments"", ""matches"": [""Gluten-free shoppers""]}], ""smart_saver"": [], ""quality_seeker"": [], ""on_the_go_shopper"": [{""source"": ""category"", ""matches"": [""Snacks""]}], ""impulse_buyer"": [{""source"": ""Product / variant"", ""matches"": [""chocolate""]}, {""source"": ""Need states served (inferred)"", ""matches"": [""sweet""]}, {""source"": ""Flavour profile"", ""matches"": [""chocolate""]}, {""source"": ""category"", ""matches"": [""Snacks""]}, {""source"": ""target_segments"", ""matches"": [""Sweet treat seekers""]}], ""experience_explorer"": [{""source"": ""target_segments"", ""matches"": [""Sweet treat seekers""]}], ""everyday_planner"": [{""source"": ""target_segments"", ""matches"": [""Gluten-free shoppers""]}], ""conscious_consumer"": [{""source"": ""Marketing claims / label keywords"", ""matches"": [""recyclable"", ""vegan""]}, {""source"": ""Label → target link (inferred)"", ""matches"": [""vegan""]}, {""source"": ""Dietary flags"", ""matches"": [""vegan""]}, {""source"": ""target_segments"", ""matches"": [""Plant-based shoppers""]}]}"
S039,teapigs,Super Fruit,Pantry,Loose-leaf fruit and herbal infusion,0.826,0.0,0.957,0.0,0.077,0.0,0.0,0.0,0.732,0.918,thoughtful_buyer,conscious_consumer,"{""wellness_seeker"": [{""source"": ""Marketing claims / label keywords"", ""matches"": [""caffeine free""]}, {""source"": ""Label → target link (inferred)"", ""matches"": [""caffeine free""]}, {""source"": ""Dietary flags"", ""matches"": [""caffeine free""]}, {""source"": ""target_segments"", ""matches"": [""Tea drinkers"", ""Caffeine reducers""]}], ""trend_enthusiast"": [], ""thoughtful_buyer"": [{""source"": ""Marketing claims / label keywords"", ""matches"": [""no artificial"", ""naturally"", ""natural""]}, {""source"": ""Label → target link (inferred)"", ""matches"": [""naturally""]}, {""source"": ""Dietary flags"", ""matches"": [""naturally""]}, {""source"": ""category"", ""matches"": [""Pantry""]}, {""source"": ""target_segments"", ""matches"": [""Tea drinkers"", ""Caffeine reducers"", ""Ethical shoppers""]}], ""smart_saver"": [], ""quality_seeker"": [{""source"": ""category"", ""matches"": [""Pantry""]}], ""on_the_go_shopper"": [], ""impulse_buyer"": [], ""experience_explorer"": [], ""everyday_planner"": [{""source"": ""Marketing claims / label keywords"", ""matches"": [""tea""]}, {""source"": ""Need states served (inferred)"", ""matches"": [""tea""]}, {""source"": ""category"", ""matches"": [""Pantry""]}, {""source"": ""target_segments"", ""matches"": [""Tea drinkers""]}], ""conscious_consumer"": [{""source"": ""Marketing claims / label keywords"", ""matches"": [""give back"", ""ethical""]}, {""source"": ""Label → target link (inferred)"", ""matches"": [""give back"", ""ethical""]}, {""source"": ""target_segments"", ""matches"": [""Ethical shoppers""]}]}"
S040,The Protein Ball Co.,Stuffed — Matcha & Vanilla,Snacks,Filled protein balls,0.828,0.859,0.221,0.0,0.0,0.277,0.33,0.0,0.0,0.393,trend_enthusiast,wellness_seeker,"{""wellness_seeker"": [{""source"": ""Label → target link (inferred)"", ""matches"": [""protein""]}, {""source"": ""Need states served (inferred)"", ""matches"": [""protein""]}, {""source"": ""Sub-category"", ""matches"": [""protein""]}, {""source"": ""Dietary flags"", ""matches"": [""no added sugar""]}, {""source"": ""category"", ""matches"": [""Snacks""]}, {""source"": ""target_segments"", ""matches"": [""Protein seekers"", ""Matcha flavour fans""]}], ""trend_enthusiast"": [{""source"": ""Marketing claims / label keywords"", ""matches"": [""matcha""]}, {""source"": ""Product / variant"", ""matches"": [""matcha""]}, {""source"": ""Label → target link (inferred)"", ""matches"": [""matcha""]}, {""source"": ""Flavour profile"", ""matches"": [""matcha""]}, {""source"": ""target_segments"", ""matches"": [""Matcha flavour fans""]}], ""thoughtful_buyer"": [{""source"": ""Dietary flags"", ""matches"": [""naturally""]}], ""smart_saver"": [], ""quality_seeker"": [], ""on_the_go_shopper"": [{""source"": ""category"", ""matches"": [""Snacks""]}, {""source"": ""target_segments"", ""matches"": [""Protein seekers""]}], ""impulse_buyer"": [{""source"": ""Need states served (inferred)"", ""matches"": [""sweet""]}, {""source"": ""category"", ""matches"": [""Snacks""]}], ""experience_explorer"": [], ""everyday_planner"": [], ""conscious_consumer"": [{""source"": ""Dietary flags"", ""matches"": [""plant based"", ""vegan""]}]}"
S041,The Original Chicken Crackling,Chicken Salt,Snacks,Chicken crackling,0.532,0.0,0.362,0.0,0.0,0.277,0.277,0.551,0.165,0.0,experience_explorer,wellness_seeker,"{""wellness_seeker"": [{""source"": ""Dietary flags"", ""matches"": [""low sugar""]}, {""source"": ""category"", ""matches"": [""Snacks""]}, {""source"": ""target_segments"", ""matches"": [""Gluten-free shoppers"", ""Sugar-conscious shoppers""]}], ""trend_enthusiast"": [], ""thoughtful_buyer"": [{""source"": ""target_segments"", ""matches"": [""Gluten-free shoppers"", ""Sugar-conscious shoppers""]}], ""smart_saver"": [], ""quality_seeker"": [], ""on_the_go_shopper"": [{""source"": ""category"", ""matches"": [""Snacks""]}, {""source"": ""target_segments"", ""matches"": [""Meat snackers""]}], ""impulse_buyer"": [{""source"": ""category"", ""matches"": [""Snacks""]}, {""source"": ""target_segments"", ""matches"": [""Meat snackers""]}], ""experience_explorer"": [{""source"": ""Marketing claims / label keywords"", ""matches"": [""spicy""]}, {""source"": ""Flavour profile"", ""matches"": [""spicy""]}], ""everyday_planner"": [{""source"": ""target_segments"", ""matches"": [""Gluten-free shoppers""]}], ""conscious_consumer"": []}"
S042,Blanco Niño,Creamy Jalapeño Tortilla Chips,Snacks,Tortilla chips,0.4,0.0,0.333,0.126,0.0,0.277,0.34,0.503,0.165,0.939,conscious_consumer,experience_explorer,"{""wellness_seeker"": [{""source"": ""category"", ""matches"": [""Snacks""]}, {""source"": ""target_segments"", ""matches"": [""Plant-based shoppers"", ""Gluten-free shoppers""]}], ""trend_enthusiast"": [], ""thoughtful_buyer"": [{""source"": ""target_segments"", ""matches"": [""Gluten-free shoppers"", ""Eco-conscious shoppers""]}], ""smart_saver"": [{""source"": ""target_segments"", ""matches"": [""Savoury snackers""]}], ""quality_seeker"": [], ""on_the_go_shopper"": [{""source"": ""category"", ""matches"": [""Snacks""]}, {""source"": ""target_segments"", ""matches"": [""Savoury snackers""]}], ""impulse_buyer"": [{""source"": ""category"", ""matches"": [""Snacks""]}, {""source"": ""target_segments"", ""matches"": [""Savoury snackers""]}], ""experience_explorer"": [{""source"": ""Product / variant"", ""matches"": [""jalapeño""]}, {""source"": ""Flavour profile"", ""matches"": [""jalapeño"", ""spicy""]}], ""everyday_planner"": [{""source"": ""target_segments"", ""matches"": [""Gluten-free shoppers""]}], ""conscious_consumer"": [{""source"": ""Marketing claims / label keywords"", ""matches"": [""recyclable"", ""vegan""]}, {""source"": ""Label → target link (inferred)"", ""matches"": [""recyclable"", ""vegan""]}, {""source"": ""Dietary flags"", ""matches"": [""vegan""]}, {""source"": ""target_segments"", ""matches"": [""Plant-based shoppers"", ""Eco-conscious shoppers""]}]}"
S043,Blanco Niño,Chilli & Lime Tortilla Chips,Snacks,Tortilla chips,0.4,0.0,0.333,0.126,0.0,0.277,0.34,0.503,0.165,0.939,conscious_consumer,experience_explorer,"{""wellness_seeker"": [{""source"": ""category"", ""matches"": [""Snacks""]}, {""source"": ""target_segments"", ""matches"": [""Plant-based shoppers"", ""Gluten-free shoppers""]}], ""trend_enthusiast"": [], ""thoughtful_buyer"": [{""source"": ""target_segments"", ""matches"": [""Gluten-free shoppers"", ""Eco-conscious shoppers""]}], ""smart_saver"": [{""source"": ""target_segments"", ""matches"": [""Savoury snackers""]}], ""quality_seeker"": [], ""on_the_go_shopper"": [{""source"": ""category"", ""matches"": [""Snacks""]}, {""source"": ""target_segments"", ""matches"": [""Savoury snackers""]}], ""impulse_buyer"": [{""source"": ""category"", ""matches"": [""Snacks""]}, {""source"": ""target_segments"", ""matches"": [""Savoury snackers""]}], ""experience_explorer"": [{""source"": ""Product / variant"", ""matches"": [""chilli""]}, {""source"": ""Flavour profile"", ""matches"": [""chilli"", ""spicy""]}], ""everyday_planner"": [{""source"": ""target_segments"", ""matches"": [""Gluten-free shoppers""]}], ""conscious_consumer"": [{""source"": ""Marketing claims / label keywords"", ""matches"": [""recyclable"", ""vegan""]}, {""source"": ""Label → target link (inferred)"", ""matches"": [""recyclable"", ""vegan""]}, {""source"": ""Dietary flags"", ""matches"": [""vegan""]}, {""source"": ""target_segments"", ""matches"": [""Plant-based shoppers"", ""Eco-conscious shoppers""]}]}"
S044,Saucerer,Pasta Sauce — Wild Mushroom & Truffle,Pantry,Pasta sauce,0.0,0.613,0.095,0.0,0.772,0.503,0.0,0.362,0.827,0.221,everyday_planner,quality_seeker,"{""wellness_seeker"": [], ""trend_enthusiast"": [{""source"": ""Product / variant"", ""matches"": [""mushroom""]}, {""source"": ""Label → target link (inferred)"", ""matches"": [""mushroom""]}, {""source"": ""Flavour profile"", ""matches"": [""mushroom""]}], ""thoughtful_buyer"": [{""source"": ""category"", ""matches"": [""Pantry""]}], ""smart_saver"": [], ""quality_seeker"": [{""source"": ""Product / variant"", ""matches"": [""truffle""]}, {""source"": ""Label → target link (inferred)"", ""matches"": [""truffle""]}, {""source"": ""Flavour profile"", ""matches"": [""truffle""]}, {""source"": ""category"", ""matches"": [""Pantry""]}, {""source"": ""target_segments"", ""matches"": [""Home cooks"", ""Food explorers""]}], ""on_the_go_shopper"": [{""source"": ""Label → target link (inferred)"", ""matches"": [""convenience""]}, {""source"": ""Need states served (inferred)"", ""matches"": [""convenience""]}], ""impulse_buyer"": [], ""experience_explorer"": [{""source"": ""target_segments"", ""matches"": [""Home cooks"", ""Food explorers""]}], ""everyday_planner"": [{""source"": ""Product / variant"", ""matches"": [""pasta sauce""]}, {""source"": ""Need states served (inferred)"", ""matches"": [""cooking"", ""meal""]}, {""source"": ""Sub-category"", ""matches"": [""pasta sauce""]}, {""source"": ""category"", ""matches"": [""Pantry""]}, {""source"": ""target_segments"", ""matches"": [""Home cooks""]}], ""conscious_consumer"": [{""source"": ""Dietary flags"", ""matches"": [""vegan""]}]}"
S045,The Curators,Pork Puffs — Smoky Bacon,Snacks,Pork puffs,0.919,0.0,0.0,0.0,0.0,0.423,0.277,0.0,0.165,0.0,wellness_seeker,on_the_go_shopper,"{""wellness_seeker"": [{""source"": ""Marketing claims / label keywords"", ""matches"": [""high protein"", ""protein""]}, {""source"": ""Label → target link (inferred)"", ""matches"": [""protein""]}, {""source"": ""Need states served (inferred)"", ""matches"": [""protein""]}, {""source"": ""category"", ""matches"": [""Snacks""]}, {""source"": ""target_segments"", ""matches"": [""Protein seekers"", ""Carb-conscious shoppers""]}], ""trend_enthusiast"": [], ""thoughtful_buyer"": [], ""smart_saver"": [], ""quality_seeker"": [], ""on_the_go_shopper"": [{""source"": ""category"", ""matches"": [""Snacks""]}, {""source"": ""target_segments"", ""matches"": [""Protein seekers"", ""Meat snackers""]}], ""impulse_buyer"": [{""source"": ""category"", ""matches"": [""Snacks""]}, {""source"": ""target_segments"", ""matches"": [""Meat snackers""]}], ""experience_explorer"": [], ""everyday_planner"": [{""source"": ""target_segments"", ""matches"": [""Carb-conscious shoppers""]}], ""conscious_consumer"": []}"
S046,Love Hemp,Sours Calm — Sour Orange CBD Gummies,Wellness,CBD gummies,0.878,0.914,0.0,0.0,0.0,0.0,0.922,0.0,0.0,0.077,impulse_buyer,trend_enthusiast,"{""wellness_seeker"": [{""source"": ""Marketing claims / label keywords"", ""matches"": [""calm""]}, {""source"": ""Product / variant"", ""matches"": [""calm""]}, {""source"": ""Label → target link (inferred)"", ""matches"": [""calm""]}, {""source"": ""category"", ""matches"": [""Wellness""]}, {""source"": ""target_segments"", ""matches"": [""Adult CBD shoppers"", ""Functional wellness shoppers""]}], ""trend_enthusiast"": [{""source"": ""Marketing claims / label keywords"", ""matches"": [""cbd""]}, {""source"": ""Product / variant"", ""matches"": [""cbd""]}, {""source"": ""Label → target link (inferred)"", ""matches"": [""cbd""]}, {""source"": ""Sub-category"", ""matches"": [""cbd""]}, {""source"": ""Dietary flags"", ""matches"": [""cbd""]}, {""source"": ""target_segments"", ""matches"": [""Adult CBD shoppers"", ""Functional wellness shoppers""]}], ""thoughtful_buyer"": [], ""smart_saver"": [], ""quality_seeker"": [], ""on_the_go_shopper"": [], ""impulse_buyer"": [{""source"": ""Marketing claims / label keywords"", ""matches"": [""gummies"", ""sour""]}, {""source"": ""Product / variant"", ""matches"": [""gummies"", ""sour""]}, {""source"": ""Sub-category"", ""matches"": [""gummies""]}, {""source"": ""Flavour profile"", ""matches"": [""sour""]}], ""experience_explorer"": [], ""everyday_planner"": [], ""conscious_consumer"": [{""source"": ""category"", ""matches"": [""Wellness""]}]}"
S047,Ottolenghi,Miso Pesto,Pantry,Pesto,0.0,0.0,0.095,0.0,0.411,0.503,0.0,0.753,0.844,0.0,everyday_planner,experience_explorer,"{""wellness_seeker"": [], ""trend_enthusiast"": [], ""thoughtful_buyer"": [{""source"": ""category"", ""matches"": [""Pantry""]}], ""smart_saver"": [], ""quality_seeker"": [{""source"": ""category"", ""matches"": [""Pantry""]}, {""source"": ""target_segments"", ""matches"": [""Home cooks"", ""Food explorers""]}], ""on_the_go_shopper"": [{""source"": ""Label → target link (inferred)"", ""matches"": [""convenient""]}, {""source"": ""Need states served (inferred)"", ""matches"": [""convenience""]}], ""impulse_buyer"": [], ""experience_explorer"": [{""source"": ""Product / variant"", ""matches"": [""miso""]}, {""source"": ""Label → target link (inferred)"", ""matches"": [""miso""]}, {""source"": ""Flavour profile"", ""matches"": [""miso""]}, {""source"": ""target_segments"", ""matches"": [""Home cooks"", ""Food explorers""]}], ""everyday_planner"": [{""source"": ""Label → target link (inferred)"", ""matches"": [""recipe"", ""meal""]}, {""source"": ""Need states served (inferred)"", ""matches"": [""cooking"", ""meal""]}, {""source"": ""category"", ""matches"": [""Pantry""]}, {""source"": ""target_segments"", ""matches"": [""Home cooks""]}], ""conscious_consumer"": []}"
S048,Sunfly,Sunflower Seed Butter — Crunchy,Pantry,Seed butter,0.884,0.0,0.34,0.0,0.615,0.201,0.0,0.165,0.652,0.0,wellness_seeker,everyday_planner,"{""wellness_seeker"": [{""source"": ""Marketing claims / label keywords"", ""matches"": [""vitamin"", ""protein""]}, {""source"": ""Label → target link (inferred)"", ""matches"": [""protein""]}, {""source"": ""target_segments"", ""matches"": [""Free-from shoppers"", ""Protein seekers""]}], ""trend_enthusiast"": [], ""thoughtful_buyer"": [{""source"": ""category"", ""matches"": [""Pantry""]}, {""source"": ""target_segments"", ""matches"": [""Free-from shoppers""]}], ""smart_saver"": [], ""quality_seeker"": [{""source"": ""Marketing claims / label keywords"", ""matches"": [""great taste""]}, {""source"": ""category"", ""matches"": [""Pantry""]}, {""source"": ""target_segments"", ""matches"": [""Home cooks""]}], ""on_the_go_shopper"": [{""source"": ""target_segments"", ""matches"": [""Protein seekers""]}], ""impulse_buyer"": [], ""experience_explorer"": [{""source"": ""target_segments"", ""matches"": [""Home cooks""]}], ""everyday_planner"": [{""source"": ""Need states served (inferred)"", ""matches"": [""breakfast"", ""spread""]}, {""source"": ""category"", ""matches"": [""Pantry""]}, {""source"": ""target_segments"", ""matches"": [""Home cooks""]}], ""conscious_consumer"": []}"
S049,ape2o,GO Steel Bottle — Turtle,Accessories,Reusable drinkware,0.259,0.0,0.165,0.0,0.0,0.808,0.0,0.0,0.0,0.719,on_the_go_shopper,conscious_consumer,"{""wellness_seeker"": [{""source"": ""Need states served (inferred)"", ""matches"": [""hydration""]}], ""trend_enthusiast"": [], ""thoughtful_buyer"": [{""source"": ""target_segments"", ""matches"": [""Eco-conscious shoppers""]}], ""smart_saver"": [], ""quality_seeker"": [], ""on_the_go_shopper"": [{""source"": ""Product / variant"", ""matches"": [""steel bottle""]}, {""source"": ""Label → target link (inferred)"", ""matches"": [""portable""]}, {""source"": ""Need states served (inferred)"", ""matches"": [""portable""]}, {""source"": ""category"", ""matches"": [""Accessories""]}, {""source"": ""target_segments"", ""matches"": [""On-the-go shoppers""]}], ""impulse_buyer"": [], ""experience_explorer"": [], ""everyday_planner"": [], ""conscious_consumer"": [{""source"": ""Label → target link (inferred)"", ""matches"": [""reuse""]}, {""source"": ""Sub-category"", ""matches"": [""reusable""]}, {""source"": ""category"", ""matches"": [""Accessories""]}, {""source"": ""target_segments"", ""matches"": [""Eco-conscious shoppers""]}]}"
S050,Goodrays,Raspberry & Guava CBD Drink,Drinks,CBD sparkling drink,0.983,0.905,0.583,0.0,0.0,0.077,0.0,0.0,0.165,0.0,wellness_seeker,trend_enthusiast,"{""wellness_seeker"": [{""source"": ""Marketing claims / label keywords"", ""matches"": [""no added sugar"", ""low calorie"", ""vitamin""]}, {""source"": ""Label → target link (inferred)"", ""matches"": [""no added sugar"", ""low calorie""]}, {""source"": ""Need states served (inferred)"", ""matches"": [""wellness""]}, {""source"": ""Dietary flags"", ""matches"": [""no added sugar"", ""low calorie""]}, {""source"": ""category"", ""matches"": [""Drinks""]}, {""source"": ""target_segments"", ""matches"": [""Adult CBD shoppers"", ""Sugar-conscious shoppers"", ""Calorie-conscious shoppers""]}], ""trend_enthusiast"": [{""source"": ""Marketing claims / label keywords"", ""matches"": [""cbd""]}, {""source"": ""Product / variant"", ""matches"": [""cbd""]}, {""source"": ""Label → target link (inferred)"", ""matches"": [""cbd""]}, {""source"": ""Sub-category"", ""matches"": [""cbd""]}, {""source"": ""Dietary flags"", ""matches"": [""cbd""]}, {""source"": ""category"", ""matches"": [""Drinks""]}, {""source"": ""target_segments"", ""matches"": [""Adult CBD shoppers""]}], ""thoughtful_buyer"": [{""source"": ""Marketing claims / label keywords"", ""matches"": [""no artificial""]}, {""source"": ""target_segments"", ""matches"": [""Sugar-conscious shoppers""]}], ""smart_saver"": [], ""quality_seeker"": [], ""on_the_go_shopper"": [{""source"": ""category"", ""matches"": [""Drinks""]}], ""impulse_buyer"": [], ""experience_explorer"": [], ""everyday_planner"": [{""source"": ""target_segments"", ""matches"": [""Calorie-conscious shoppers""]}], ""conscious_consumer"": []}"
S051,Little’s,Toffee Nut Flavour Infused Instant Coffee,Pantry,Instant coffee,0.81,0.0,0.277,0.0,0.077,0.811,0.0,0.0,0.274,0.0,on_the_go_shopper,wellness_seeker,"{""wellness_seeker"": [{""source"": ""Marketing claims / label keywords"", ""matches"": [""no added sugar""]}, {""source"": ""Label → target link (inferred)"", ""matches"": [""no added sugar""]}, {""source"": ""Dietary flags"", ""matches"": [""no added sugar""]}, {""source"": ""target_segments"", ""matches"": [""Sugar-conscious shoppers""]}], ""trend_enthusiast"": [], ""thoughtful_buyer"": [{""source"": ""category"", ""matches"": [""Pantry""]}, {""source"": ""target_segments"", ""matches"": [""Sugar-conscious shoppers""]}], ""smart_saver"": [], ""quality_seeker"": [{""source"": ""category"", ""matches"": [""Pantry""]}], ""on_the_go_shopper"": [{""source"": ""Marketing claims / label keywords"", ""matches"": [""instant""]}, {""source"": ""Product / variant"", ""matches"": [""instant""]}, {""source"": ""Sub-category"", ""matches"": [""instant""]}, {""source"": ""target_segments"", ""matches"": [""Coffee drinkers""]}], ""impulse_buyer"": [], ""experience_explorer"": [], ""everyday_planner"": [{""source"": ""category"", ""matches"": [""Pantry""]}, {""source"": ""target_segments"", ""matches"": [""Coffee drinkers""]}], ""conscious_consumer"": []}"
S052,WelleCo,The Hydro Protein Elixir — Passionfruit,Wellness,Protein drink powder,0.965,0.0,0.0,0.0,0.0,0.333,0.0,0.0,0.0,0.281,wellness_seeker,on_the_go_shopper,"{""wellness_seeker"": [{""source"": ""Marketing claims / label keywords"", ""matches"": [""protein""]}, {""source"": ""Product / variant"", ""matches"": [""protein""]}, {""source"": ""Label → target link (inferred)"", ""matches"": [""fitness"", ""protein""]}, {""source"": ""Need states served (inferred)"", ""matches"": [""protein""]}, {""source"": ""Sub-category"", ""matches"": [""protein""]}, {""source"": ""Dietary flags"", ""matches"": [""protein""]}, {""source"": ""category"", ""matches"": [""Wellness""]}, {""source"": ""target_segments"", ""matches"": [""Protein seekers"", ""Fitness-oriented shoppers""]}], ""trend_enthusiast"": [], ""thoughtful_buyer"": [], ""smart_saver"": [], ""quality_seeker"": [], ""on_the_go_shopper"": [{""source"": ""target_segments"", ""matches"": [""Protein seekers"", ""Fitness-oriented shoppers""]}], ""impulse_buyer"": [], ""experience_explorer"": [], ""everyday_planner"": [], ""conscious_consumer"": [{""source"": ""Dietary flags"", ""matches"": [""vegan""]}, {""source"": ""category"", ""matches"": [""Wellness""]}]}"
S053,HOOP,Plantain Chips — Lemon Pepper,Snacks,Plantain chips,0.89,0.0,0.652,0.126,0.0,0.277,0.34,0.126,0.44,0.27,wellness_seeker,thoughtful_buyer,"{""wellness_seeker"": [{""source"": ""Marketing claims / label keywords"", ""matches"": [""healthy"", ""fibre""]}, {""source"": ""Label → target link (inferred)"", ""matches"": [""fibre""]}, {""source"": ""category"", ""matches"": [""Snacks""]}, {""source"": ""target_segments"", ""matches"": [""Gluten-free shoppers"", ""Fibre seekers""]}], ""trend_enthusiast"": [], ""thoughtful_buyer"": [{""source"": ""Marketing claims / label keywords"", ""matches"": [""natural""]}, {""source"": ""target_segments"", ""matches"": [""Gluten-free shoppers"", ""Fibre seekers""]}], ""smart_saver"": [{""source"": ""target_segments"", ""matches"": [""Savoury snackers""]}], ""quality_seeker"": [], ""on_the_go_shopper"": [{""source"": ""category"", ""matches"": [""Snacks""]}, {""source"": ""target_segments"", ""matches"": [""Savoury snackers""]}], ""impulse_buyer"": [{""source"": ""category"", ""matches"": [""Snacks""]}, {""source"": ""target_segments"", ""matches"": [""Savoury snackers""]}], ""experience_explorer"": [{""source"": ""target_segments"", ""matches"": [""Community-minded shoppers""]}], ""everyday_planner"": [{""source"": ""Label → target link (inferred)"", ""matches"": [""community""]}, {""source"": ""target_segments"", ""matches"": [""Gluten-free shoppers""]}], ""conscious_consumer"": [{""source"": ""target_segments"", ""matches"": [""Community-minded shoppers""]}]}"
S054,neat sweets,Fruity Berries,Confectionery,Gummy sweets,0.865,0.0,0.333,0.0,0.0,0.0,0.674,0.177,0.0,0.221,wellness_seeker,impulse_buyer,"{""wellness_seeker"": [{""source"": ""Marketing claims / label keywords"", ""matches"": [""fibre""]}, {""source"": ""Label → target link (inferred)"", ""matches"": [""fibre""]}, {""source"": ""Dietary flags"", ""matches"": [""low sugar"", ""fibre""]}, {""source"": ""target_segments"", ""matches"": [""Sugar-conscious shoppers"", ""Fibre seekers""]}], ""trend_enthusiast"": [], ""thoughtful_buyer"": [{""source"": ""target_segments"", ""matches"": [""Sugar-conscious shoppers"", ""Fibre seekers""]}], ""smart_saver"": [], ""quality_seeker"": [], ""on_the_go_shopper"": [], ""impulse_buyer"": [{""source"": ""Need states served (inferred)"", ""matches"": [""treat"", ""sweet""]}, {""source"": ""category"", ""matches"": [""Confectionery""]}, {""source"": ""target_segments"", ""matches"": [""Sweet treat seekers""]}], ""experience_explorer"": [{""source"": ""category"", ""matches"": [""Confectionery""]}, {""source"": ""target_segments"", ""matches"": [""Sweet treat seekers""]}], ""everyday_planner"": [], ""conscious_consumer"": [{""source"": ""Dietary flags"", ""matches"": [""vegan""]}]}"
S055,FREEE,Organic Banana & Chocolate Oat Bar,Snacks,Oat bar,0.79,0.0,0.333,0.0,0.237,0.095,0.613,0.0,0.165,0.968,conscious_consumer,wellness_seeker,"{""wellness_seeker"": [{""source"": ""Marketing claims / label keywords"", ""matches"": [""fibre""]}, {""source"": ""Label → target link (inferred)"", ""matches"": [""fibre""]}, {""source"": ""category"", ""matches"": [""Snacks""]}, {""source"": ""target_segments"", ""matches"": [""Fibre seekers"", ""Plant-based shoppers"", ""Gluten-free shoppers"", ""Organic shoppers""]}], ""trend_enthusiast"": [], ""thoughtful_buyer"": [{""source"": ""target_segments"", ""matches"": [""Fibre seekers"", ""Gluten-free shoppers""]}], ""smart_saver"": [], ""quality_seeker"": [{""source"": ""target_segments"", ""matches"": [""Organic shoppers""]}], ""on_the_go_shopper"": [{""source"": ""category"", ""matches"": [""Snacks""]}], ""impulse_buyer"": [{""source"": ""Product / variant"", ""matches"": [""chocolate""]}, {""source"": ""Need states served (inferred)"", ""matches"": [""sweet""]}, {""source"": ""Flavour profile"", ""matches"": [""chocolate""]}, {""source"": ""category"", ""matches"": [""Snacks""]}], ""experience_explorer"": [], ""everyday_planner"": [{""source"": ""target_segments"", ""matches"": [""Gluten-free shoppers""]}], ""conscious_consumer"": [{""source"": ""Marketing claims / label keywords"", ""matches"": [""organic"", ""vegan""]}, {""source"": ""Product / variant"", ""matches"": [""organic""]}, {""source"": ""Label → target link (inferred)"", ""matches"": [""organic"", ""vegan""]}, {""source"": ""Dietary flags"", ""matches"": [""organic"", ""vegan""]}, {""source"": ""target_segments"", ""matches"": [""Plant-based shoppers"", ""Organic shoppers""]}]}"
S056,SUCSEED,Energy,Pantry,Seed and botanical blend,0.753,0.201,0.095,0.0,0.263,0.0,0.0,0.381,0.685,0.756,conscious_consumer,wellness_seeker,"{""wellness_seeker"": [{""source"": ""Marketing claims / label keywords"", ""matches"": [""ginseng""]}, {""source"": ""Need states served (inferred)"", ""matches"": [""wellness""]}, {""source"": ""target_segments"", ""matches"": [""Functional wellness shoppers"", ""Plant-based shoppers""]}], ""trend_enthusiast"": [{""source"": ""target_segments"", ""matches"": [""Functional wellness shoppers""]}], ""thoughtful_buyer"": [{""source"": ""category"", ""matches"": [""Pantry""]}], ""smart_saver"": [], ""quality_seeker"": [{""source"": ""category"", ""matches"": [""Pantry""]}, {""source"": ""target_segments"", ""matches"": [""Home cooks""]}], ""on_the_go_shopper"": [], ""impulse_buyer"": [], ""experience_explorer"": [{""source"": ""Sub-category"", ""matches"": [""botanical""]}, {""source"": ""target_segments"", ""matches"": [""Home cooks""]}], ""everyday_planner"": [{""source"": ""Label → target link (inferred)"", ""matches"": [""meal""]}, {""source"": ""Need states served (inferred)"", ""matches"": [""meal""]}, {""source"": ""category"", ""matches"": [""Pantry""]}, {""source"": ""target_segments"", ""matches"": [""Home cooks""]}], ""conscious_consumer"": [{""source"": ""Label → target link (inferred)"", ""matches"": [""plant based"", ""vegan""]}, {""source"": ""Dietary flags"", ""matches"": [""vegan""]}, {""source"": ""target_segments"", ""matches"": [""Plant-based shoppers""]}]}"
S057,OOM,Calm,Drinks,Functional sparkling drink,0.967,0.263,0.0,0.0,0.0,0.077,0.0,0.0,0.165,0.221,wellness_seeker,trend_enthusiast,"{""wellness_seeker"": [{""source"": ""Marketing claims / label keywords"", ""matches"": [""vitamin"", ""calm""]}, {""source"": ""Product / variant"", ""matches"": [""calm""]}, {""source"": ""Label → target link (inferred)"", ""matches"": [""calm""]}, {""source"": ""Sub-category"", ""matches"": [""functional""]}, {""source"": ""Dietary flags"", ""matches"": [""functional"", ""low sugar""]}, {""source"": ""category"", ""matches"": [""Drinks""]}, {""source"": ""target_segments"", ""matches"": [""Functional wellness shoppers"", ""Wind-down ritual shoppers""]}], ""trend_enthusiast"": [{""source"": ""category"", ""matches"": [""Drinks""]}, {""source"": ""target_segments"", ""matches"": [""Functional wellness shoppers""]}], ""thoughtful_buyer"": [], ""smart_saver"": [], ""quality_seeker"": [], ""on_the_go_shopper"": [{""source"": ""category"", ""matches"": [""Drinks""]}], ""impulse_buyer"": [], ""experience_explorer"": [], ""everyday_planner"": [{""source"": ""target_segments"", ""matches"": [""Wind-down ritual shoppers""]}], ""conscious_consumer"": [{""source"": ""Dietary flags"", ""matches"": [""vegan""]}]}"
S058,sleep toniq,Sleep Toniq,Drinks,Botanical wellness drink,0.896,0.263,0.0,0.0,0.0,0.077,0.0,0.259,0.165,0.221,wellness_seeker,trend_enthusiast,"{""wellness_seeker"": [{""source"": ""Marketing claims / label keywords"", ""matches"": [""sleep""]}, {""source"": ""Product / variant"", ""matches"": [""sleep""]}, {""source"": ""Label → target link (inferred)"", ""matches"": [""sleep""]}, {""source"": ""Sub-category"", ""matches"": [""wellness""]}, {""source"": ""category"", ""matches"": [""Drinks""]}, {""source"": ""target_segments"", ""matches"": [""Wind-down ritual shoppers"", ""Functional wellness shoppers""]}], ""trend_enthusiast"": [{""source"": ""category"", ""matches"": [""Drinks""]}, {""source"": ""target_segments"", ""matches"": [""Functional wellness shoppers""]}], ""thoughtful_buyer"": [], ""smart_saver"": [], ""quality_seeker"": [], ""on_the_go_shopper"": [{""source"": ""category"", ""matches"": [""Drinks""]}], ""impulse_buyer"": [], ""experience_explorer"": [{""source"": ""Sub-category"", ""matches"": [""botanical""]}], ""everyday_planner"": [{""source"": ""target_segments"", ""matches"": [""Wind-down ritual shoppers""]}], ""conscious_consumer"": [{""source"": ""Dietary flags"", ""matches"": [""vegan""]}]}"
S059,iLOVE SNACKS,Sicilian Lemon Pistachios,Snacks,Flavoured nuts,0.4,0.0,0.201,0.0,0.564,0.095,0.095,0.0,0.165,0.81,conscious_consumer,quality_seeker,"{""wellness_seeker"": [{""source"": ""category"", ""matches"": [""Snacks""]}, {""source"": ""target_segments"", ""matches"": [""Nut snackers"", ""Plant-based shoppers"", ""Gluten-free shoppers""]}], ""trend_enthusiast"": [], ""thoughtful_buyer"": [{""source"": ""target_segments"", ""matches"": [""Gluten-free shoppers""]}], ""smart_saver"": [], ""quality_seeker"": [{""source"": ""Marketing claims / label keywords"", ""matches"": [""great taste""]}, {""source"": ""target_segments"", ""matches"": [""Nut snackers""]}], ""on_the_go_shopper"": [{""source"": ""category"", ""matches"": [""Snacks""]}], ""impulse_buyer"": [{""source"": ""category"", ""matches"": [""Snacks""]}], ""experience_explorer"": [], ""everyday_planner"": [{""source"": ""target_segments"", ""matches"": [""Gluten-free shoppers""]}], ""conscious_consumer"": [{""source"": ""Marketing claims / label keywords"", ""matches"": [""plant based""]}, {""source"": ""Label → target link (inferred)"", ""matches"": [""plant based""]}, {""source"": ""Dietary flags"", ""matches"": [""plant based""]}, {""source"": ""target_segments"", ""matches"": [""Plant-based shoppers""]}]}"
S060,Simply Roasted,Hot Honey Potato Crisps,Snacks,Potato crisps,0.759,0.0,0.405,0.126,0.478,0.277,0.34,0.0,0.0,0.221,wellness_seeker,quality_seeker,"{""wellness_seeker"": [{""source"": ""Marketing claims / label keywords"", ""matches"": [""less fat""]}, {""source"": ""Label → target link (inferred)"", ""matches"": [""less fat""]}, {""source"": ""category"", ""matches"": [""Snacks""]}, {""source"": ""target_segments"", ""matches"": [""Mindful snackers""]}], ""trend_enthusiast"": [], ""thoughtful_buyer"": [{""source"": ""Dietary flags"", ""matches"": [""allergens""]}, {""source"": ""target_segments"", ""matches"": [""Mindful snackers""]}], ""smart_saver"": [{""source"": ""target_segments"", ""matches"": [""Savoury snackers""]}], ""quality_seeker"": [{""source"": ""Marketing claims / label keywords"", ""matches"": [""triple cooked""]}], ""on_the_go_shopper"": [{""source"": ""category"", ""matches"": [""Snacks""]}, {""source"": ""target_segments"", ""matches"": [""Savoury snackers""]}], ""impulse_buyer"": [{""source"": ""category"", ""matches"": [""Snacks""]}, {""source"": ""target_segments"", ""matches"": [""Savoury snackers""]}], ""experience_explorer"": [], ""everyday_planner"": [], ""conscious_consumer"": [{""source"": ""Dietary flags"", ""matches"": [""vegan""]}]}"
S061,Simply Roasted,Sea Salt Potato Crisps,Snacks,Potato crisps,0.759,0.0,0.405,0.126,0.727,0.277,0.34,0.0,0.0,0.221,wellness_seeker,quality_seeker,"{""wellness_seeker"": [{""source"": ""Marketing claims / label keywords"", ""matches"": [""less fat""]}, {""source"": ""Label → target link (inferred)"", ""matches"": [""less fat""]}, {""source"": ""category"", ""matches"": [""Snacks""]}, {""source"": ""target_segments"", ""matches"": [""Mindful snackers""]}], ""trend_enthusiast"": [], ""thoughtful_buyer"": [{""source"": ""Dietary flags"", ""matches"": [""allergens""]}, {""source"": ""target_segments"", ""matches"": [""Mindful snackers""]}], ""smart_saver"": [{""source"": ""target_segments"", ""matches"": [""Savoury snackers""]}], ""quality_seeker"": [{""source"": ""Marketing claims / label keywords"", ""matches"": [""triple cooked"", ""great taste""]}], ""on_the_go_shopper"": [{""source"": ""category"", ""matches"": [""Snacks""]}, {""source"": ""target_segments"", ""matches"": [""Savoury snackers""]}], ""impulse_buyer"": [{""source"": ""category"", ""matches"": [""Snacks""]}, {""source"": ""target_segments"", ""matches"": [""Savoury snackers""]}], ""experience_explorer"": [], ""everyday_planner"": [], ""conscious_consumer"": [{""source"": ""Dietary flags"", ""matches"": [""vegan""]}]}"
S062,Root Tea,Lemon Tea Blend,Pantry,Loose-leaf herbal tea,0.914,0.201,0.437,0.0,0.077,0.0,0.0,0.0,0.745,0.0,wellness_seeker,everyday_planner,"{""wellness_seeker"": [{""source"": ""Marketing claims / label keywords"", ""matches"": [""health""]}, {""source"": ""Label → target link (inferred)"", ""matches"": [""wellness"", ""health""]}, {""source"": ""Need states served (inferred)"", ""matches"": [""wellness""]}, {""source"": ""Dietary flags"", ""matches"": [""caffeine free""]}, {""source"": ""target_segments"", ""matches"": [""Tea drinkers"", ""Functional wellness shoppers""]}], ""trend_enthusiast"": [{""source"": ""target_segments"", ""matches"": [""Functional wellness shoppers""]}], ""thoughtful_buyer"": [{""source"": ""Dietary flags"", ""matches"": [""naturally""]}, {""source"": ""category"", ""matches"": [""Pantry""]}, {""source"": ""target_segments"", ""matches"": [""Tea drinkers""]}], ""smart_saver"": [], ""quality_seeker"": [{""source"": ""category"", ""matches"": [""Pantry""]}], ""on_the_go_shopper"": [], ""impulse_buyer"": [], ""experience_explorer"": [], ""everyday_planner"": [{""source"": ""Product / variant"", ""matches"": [""tea""]}, {""source"": ""Need states served (inferred)"", ""matches"": [""tea""]}, {""source"": ""Sub-category"", ""matches"": [""tea""]}, {""source"": ""category"", ""matches"": [""Pantry""]}, {""source"": ""target_segments"", ""matches"": [""Tea drinkers""]}], ""conscious_consumer"": []}"
S063,Fever-Tree,Refreshingly Light Elderflower Tonic Water,Drinks,Tonic mixer,0.465,0.263,0.593,0.0,0.362,0.077,0.551,0.528,0.165,0.0,thoughtful_buyer,impulse_buyer,"{""wellness_seeker"": [{""source"": ""Dietary flags"", ""matches"": [""low calorie""]}, {""source"": ""category"", ""matches"": [""Drinks""]}, {""source"": ""target_segments"", ""matches"": [""Calorie-conscious shoppers""]}], ""trend_enthusiast"": [{""source"": ""category"", ""matches"": [""Drinks""]}, {""source"": ""target_segments"", ""matches"": [""Cocktail enthusiasts""]}], ""thoughtful_buyer"": [{""source"": ""Marketing claims / label keywords"", ""matches"": [""no artificial""]}, {""source"": ""Dietary flags"", ""matches"": [""no artificial""]}], ""smart_saver"": [], ""quality_seeker"": [{""source"": ""target_segments"", ""matches"": [""Cocktail enthusiasts"", ""Floral flavour seekers""]}], ""on_the_go_shopper"": [{""source"": ""category"", ""matches"": [""Drinks""]}], ""impulse_buyer"": [{""source"": ""Marketing claims / label keywords"", ""matches"": [""sweet""]}, {""source"": ""Flavour profile"", ""matches"": [""sweet""]}], ""experience_explorer"": [{""source"": ""Sub-category"", ""matches"": [""mixer""]}, {""source"": ""target_segments"", ""matches"": [""Cocktail enthusiasts"", ""Floral flavour seekers""]}], ""everyday_planner"": [{""source"": ""target_segments"", ""matches"": [""Calorie-conscious shoppers""]}], ""conscious_consumer"": []}"
S064,Folc,English Sparkling Rosé NV,Alcoholic drinks,Sparkling rosé wine,0.0,0.095,0.0,0.0,0.85,0.0,0.095,0.523,0.0,0.0,quality_seeker,experience_explorer,"{""wellness_seeker"": [], ""trend_enthusiast"": [{""source"": ""category"", ""matches"": [""Alcoholic drinks""]}], ""thoughtful_buyer"": [], ""smart_saver"": [], ""quality_seeker"": [{""source"": ""Marketing claims / label keywords"", ""matches"": [""english sparkling""]}, {""source"": ""Product / variant"", ""matches"": [""english sparkling""]}, {""source"": ""Label → target link (inferred)"", ""matches"": [""english sparkling""]}, {""source"": ""target_segments"", ""matches"": [""Adult wine drinkers"", ""Gift shoppers""]}], ""on_the_go_shopper"": [], ""impulse_buyer"": [{""source"": ""category"", ""matches"": [""Alcoholic drinks""]}], ""experience_explorer"": [{""source"": ""Flavour profile"", ""matches"": [""tasting""]}, {""source"": ""category"", ""matches"": [""Alcoholic drinks""]}, {""source"": ""target_segments"", ""matches"": [""Adult wine drinkers"", ""Gift shoppers""]}], ""everyday_planner"": [], ""conscious_consumer"": []}"
S065,Folc,Dry English Rosé,Alcoholic drinks,Still rosé wine,0.0,0.095,0.0,0.0,0.27,0.0,0.095,0.306,0.259,0.0,experience_explorer,quality_seeker,"{""wellness_seeker"": [], ""trend_enthusiast"": [{""source"": ""category"", ""matches"": [""Alcoholic drinks""]}], ""thoughtful_buyer"": [], ""smart_saver"": [], ""quality_seeker"": [{""source"": ""target_segments"", ""matches"": [""Adult wine drinkers""]}], ""on_the_go_shopper"": [], ""impulse_buyer"": [{""source"": ""category"", ""matches"": [""Alcoholic drinks""]}], ""experience_explorer"": [{""source"": ""category"", ""matches"": [""Alcoholic drinks""]}, {""source"": ""target_segments"", ""matches"": [""Adult wine drinkers""]}], ""everyday_planner"": [{""source"": ""Need states served (inferred)"", ""matches"": [""meal""]}], ""conscious_consumer"": []}"
S066,Penrhos,Handcrafted Dry Gin,Alcoholic drinks,Gin,0.0,0.277,0.165,0.0,0.9,0.0,0.095,0.523,0.0,0.922,conscious_consumer,quality_seeker,"{""wellness_seeker"": [], ""trend_enthusiast"": [{""source"": ""category"", ""matches"": [""Alcoholic drinks""]}, {""source"": ""target_segments"", ""matches"": [""Cocktail enthusiasts""]}], ""thoughtful_buyer"": [{""source"": ""target_segments"", ""matches"": [""Eco-conscious shoppers""]}], ""smart_saver"": [], ""quality_seeker"": [{""source"": ""Marketing claims / label keywords"", ""matches"": [""handcrafted""]}, {""source"": ""Product / variant"", ""matches"": [""handcrafted""]}, {""source"": ""Label → target link (inferred)"", ""matches"": [""handcrafted"", ""craft""]}, {""source"": ""target_segments"", ""matches"": [""Adult spirits drinkers"", ""Cocktail enthusiasts""]}], ""on_the_go_shopper"": [], ""impulse_buyer"": [{""source"": ""category"", ""matches"": [""Alcoholic drinks""]}], ""experience_explorer"": [{""source"": ""Flavour profile"", ""matches"": [""botanical""]}, {""source"": ""category"", ""matches"": [""Alcoholic drinks""]}, {""source"": ""target_segments"", ""matches"": [""Adult spirits drinkers"", ""Cocktail enthusiasts""]}], ""everyday_planner"": [], ""conscious_consumer"": [{""source"": ""Marketing claims / label keywords"", ""matches"": [""recycled"", ""reuse""]}, {""source"": ""Label → target link (inferred)"", ""matches"": [""recycled"", ""reuse""]}, {""source"": ""target_segments"", ""matches"": [""Eco-conscious shoppers""]}]}"
S067,Mission,Lemon & Ginseng Natural Energy Drink,Drinks,Tea-based energy drink,0.654,0.326,0.813,0.0,0.0,0.411,0.237,0.0,0.667,0.0,thoughtful_buyer,everyday_planner,"{""wellness_seeker"": [{""source"": ""Product / variant"", ""matches"": [""ginseng""]}, {""source"": ""Flavour profile"", ""matches"": [""ginseng""]}, {""source"": ""category"", ""matches"": [""Drinks""]}, {""source"": ""target_segments"", ""matches"": [""Sugar-conscious shoppers"", ""Focus-oriented shoppers""]}], ""trend_enthusiast"": [{""source"": ""category"", ""matches"": [""Drinks""]}, {""source"": ""target_segments"", ""matches"": [""Energy-drink shoppers"", ""Focus-oriented shoppers""]}], ""thoughtful_buyer"": [{""source"": ""Marketing claims / label keywords"", ""matches"": [""natural""]}, {""source"": ""Product / variant"", ""matches"": [""natural""]}, {""source"": ""Label → target link (inferred)"", ""matches"": [""natural""]}, {""source"": ""target_segments"", ""matches"": [""Sugar-conscious shoppers""]}], ""smart_saver"": [], ""quality_seeker"": [], ""on_the_go_shopper"": [{""source"": ""category"", ""matches"": [""Drinks""]}, {""source"": ""target_segments"", ""matches"": [""Energy-drink shoppers"", ""Focus-oriented shoppers""]}], ""impulse_buyer"": [{""source"": ""target_segments"", ""matches"": [""Energy-drink shoppers""]}], ""experience_explorer"": [], ""everyday_planner"": [{""source"": ""Marketing claims / label keywords"", ""matches"": [""tea""]}, {""source"": ""Sub-category"", ""matches"": [""tea""]}, {""source"": ""Flavour profile"", ""matches"": [""tea""]}], ""conscious_consumer"": []}"
S068,Ombar,Pistachio Cream — 60% Dark Chocolate,Confectionery,Filled dark chocolate,0.201,0.0,0.478,0.0,0.905,0.0,0.955,0.177,0.0,0.801,impulse_buyer,quality_seeker,"{""wellness_seeker"": [{""source"": ""target_segments"", ""matches"": [""Organic shoppers""]}], ""trend_enthusiast"": [], ""thoughtful_buyer"": [{""source"": ""Marketing claims / label keywords"", ""matches"": [""natural""]}], ""smart_saver"": [], ""quality_seeker"": [{""source"": ""Marketing claims / label keywords"", ""matches"": [""dark chocolate""]}, {""source"": ""Product / variant"", ""matches"": [""dark chocolate""]}, {""source"": ""Label → target link (inferred)"", ""matches"": [""dark chocolate""]}, {""source"": ""Sub-category"", ""matches"": [""dark chocolate""]}, {""source"": ""Flavour profile"", ""matches"": [""dark chocolate""]}, {""source"": ""target_segments"", ""matches"": [""Organic shoppers"", ""Chocolate enthusiasts""]}], ""on_the_go_shopper"": [], ""impulse_buyer"": [{""source"": ""Marketing claims / label keywords"", ""matches"": [""chocolate""]}, {""source"": ""Product / variant"", ""matches"": [""chocolate""]}, {""source"": ""Label → target link (inferred)"", ""matches"": [""chocolate""]}, {""source"": ""Need states served (inferred)"", ""matches"": [""treat"", ""sweet""]}, {""source"": ""Sub-category"", ""matches"": [""chocolate""]}, {""source"": ""Flavour profile"", ""matches"": [""chocolate""]}, {""source"": ""category"", ""matches"": [""Confectionery""]}, {""source"": ""target_segments"", ""matches"": [""Sweet treat seekers"", ""Chocolate enthusiasts""]}], ""experience_explorer"": [{""source"": ""category"", ""matches"": [""Confectionery""]}, {""source"": ""target_segments"", ""matches"": [""Sweet treat seekers""]}], ""everyday_planner"": [], ""conscious_consumer"": [{""source"": ""Marketing claims / label keywords"", ""matches"": [""organic""]}, {""source"": ""Label → target link (inferred)"", ""matches"": [""organic""]}, {""source"": ""Dietary flags"", ""matches"": [""organic""]}, {""source"": ""target_segments"", ""matches"": [""Organic shoppers""]}]}"
S069,Mr Filbert’s,Teriyaki Mochi Rice Bites,Snacks,Rice crackers,0.058,0.0,0.478,0.126,0.201,0.277,0.432,0.753,0.0,0.0,experience_explorer,thoughtful_buyer,"{""wellness_seeker"": [{""source"": ""category"", ""matches"": [""Snacks""]}], ""trend_enthusiast"": [], ""thoughtful_buyer"": [{""source"": ""Marketing claims / label keywords"", ""matches"": [""naturally""]}], ""smart_saver"": [{""source"": ""target_segments"", ""matches"": [""Savoury snackers""]}], ""quality_seeker"": [{""source"": ""target_segments"", ""matches"": [""Food explorers""]}], ""on_the_go_shopper"": [{""source"": ""category"", ""matches"": [""Snacks""]}, {""source"": ""target_segments"", ""matches"": [""Savoury snackers""]}], ""impulse_buyer"": [{""source"": ""Flavour profile"", ""matches"": [""sweet""]}, {""source"": ""category"", ""matches"": [""Snacks""]}, {""source"": ""target_segments"", ""matches"": [""Savoury snackers""]}], ""experience_explorer"": [{""source"": ""Product / variant"", ""matches"": [""teriyaki""]}, {""source"": ""Label → target link (inferred)"", ""matches"": [""teriyaki""]}, {""source"": ""Flavour profile"", ""matches"": [""teriyaki""]}, {""source"": ""target_segments"", ""matches"": [""Food explorers""]}], ""everyday_planner"": [], ""conscious_consumer"": []}"
S070,NOMO,Caramel Choc Bar,Confectionery,Filled chocolate alternative,0.362,0.0,0.511,0.0,0.0,0.0,0.88,0.177,0.0,0.636,impulse_buyer,conscious_consumer,"{""wellness_seeker"": [{""source"": ""target_segments"", ""matches"": [""Plant-based shoppers"", ""Free-from shoppers""]}], ""trend_enthusiast"": [], ""thoughtful_buyer"": [{""source"": ""Label → target link (inferred)"", ""matches"": [""free from""]}, {""source"": ""target_segments"", ""matches"": [""Free-from shoppers""]}], ""smart_saver"": [], ""quality_seeker"": [], ""on_the_go_shopper"": [], ""impulse_buyer"": [{""source"": ""Product / variant"", ""matches"": [""caramel""]}, {""source"": ""Need states served (inferred)"", ""matches"": [""treat"", ""sweet""]}, {""source"": ""Sub-category"", ""matches"": [""chocolate""]}, {""source"": ""Flavour profile"", ""matches"": [""chocolate"", ""caramel""]}, {""source"": ""category"", ""matches"": [""Confectionery""]}, {""source"": ""target_segments"", ""matches"": [""Sweet treat seekers""]}], ""experience_explorer"": [{""source"": ""category"", ""matches"": [""Confectionery""]}, {""source"": ""target_segments"", ""matches"": [""Sweet treat seekers""]}], ""everyday_planner"": [], ""conscious_consumer"": [{""source"": ""Label → target link (inferred)"", ""matches"": [""plant based""]}, {""source"": ""Dietary flags"", ""matches"": [""plant based""]}, {""source"": ""target_segments"", ""matches"": [""Plant-based shoppers""]}]}"
