product_id,brand_id,brand_name,product,category,sub_category,core_category,flavour,format,dietary_flags,claims,label_link,vegan,gluten_free,adults_only,needs_chilling,need_hydrate,need_recover,need_energy,need_focus,need_discovery,need_sharing,need_treat,need_value,wellness_seeker_score,trend_enthusiast_score,thoughtful_buyer_score,smart_saver_score,quality_seeker_score,on_the_go_shopper_score,impulse_buyer_score,experience_explorer_score,everyday_planner_score,conscious_consumer_score,persona_fit,persona_fit_pct,event_id,event_title,recommended_product,recommended_product_id,rank
S015,B07,Helen Browning’s Organic,Organic Corned Beef,Pantry,Preserved meat,condiment,Rich savoury beef,Glass jar,Contains beef; Organic; Gluten-free (brand website); GM-free (brand website),British organic beef; grass-fed; lower carbon footprint; Ready to eat,Ready to eat → convenience seekers; organic/grass-fed → provenance-conscious shoppers.,0,1,0,0,0.0,0.0,0.8,0.0,0.0,0.3,0.0,1.0,0.575,0.15,0.15,0.575,0.66,0.575,0.575,0.49,0.745,0.745,0.933079757152908,93.3,manual_eat_hack_2026,EAT Hack,Organic Corned Beef,S015,1
S053,B36,HOOP,Plantain Chips — Lemon Pepper,Snacks,Plantain chips,savoury,Lemon; pepper; savoury,Snack bag,Gluten-free,SNACK HEALTHY; BUILD YOUTH BASKETBALL; 23P DONATED PER PACK; GLUTEN FREE; NATURAL FLAVOURING; SOURCE OF FIBRE,SOURCE OF FIBRE → fibre seekers; youth basketball donation → community/sport interest; GLUTEN FREE → gluten-free preference.,0,1,0,0,0.0,0.0,0.3,0.0,0.3,0.6,0.5,0.0,0.745,0.15,0.575,0.405,0.15,0.575,0.745,0.405,0.49,0.745,0.9192523382910874,91.9,manual_eat_hack_2026,EAT Hack,Plantain Chips — Lemon Pepper,S053,2
S048,B31,Sunfly,Sunflower Seed Butter — Crunchy,Pantry,Seed butter,condiment,Sunflower seed; nutty-style; crunchy,Glass jar,No nuts (label); No soy (label); No sesame (label),"NO NUTS; NO SOY; NO SESAME; Rich in Vitamin E, Magnesium, & Iron; 21g Of Protein*; Great Taste",NO NUTS/NO SOY/NO SESAME → shoppers seeking those exclusions; 21g Of Protein → protein interest.,0,0,0,0,0.0,0.0,0.5,0.0,0.3,0.0,0.4,0.7,0.745,0.15,0.745,0.448,0.575,0.575,0.15,0.49,0.745,0.15,0.8962755571631679,89.6,manual_eat_hack_2026,EAT Hack,Sunflower Seed Butter — Crunchy,S048,3
S012,B04,Well & Truly,Crunchies — Smokey Bacon,Snacks,Baked corn snacks,savoury,Smokey Bacon; savoury,Snack bag,Gluten-free; Vegan,40% LESS FAT*; GLUTEN FREE; 50% LESS SALT*; OINK-FREE! AKA VEGAN FRIENDLY,GLUTEN FREE → gluten-free shoppers; less-fat wording → mindful snackers. VEGAN FRIENDLY → plant-based shoppers despite bacon flavour.,1,1,0,0,0.0,0.0,0.3,0.0,0.3,0.6,0.5,0.0,0.745,0.15,0.66,0.405,0.15,0.575,0.745,0.15,0.49,0.83,0.8888809667761394,88.9,manual_eat_hack_2026,EAT Hack,Crunchies — Smokey Bacon,S012,4
S008,B05,INDI,Brain Bar,Snacks,Functional snack bar,savoury,Cocoa; blueberry; cranberry; nuts,Wrapped bar,Vegan; Gluten-free; Contains walnuts and cashews,"Brain Bar; 6G HIGH FIBRE; 16 BRAIN FOODS; +VIT B12, C & D3; +IRON & ZINC; GLUTEN FREE; VEGAN",Brain Bar → focus-oriented positioning; HIGH FIBRE → fibre seekers; VEGAN → plant-based shoppers.,1,1,0,0,0.0,0.0,1.0,1.0,0.0,0.0,0.4,0.3,0.745,0.49,0.575,0.277,0.15,0.66,0.15,0.15,0.49,0.83,0.8795475096701317,88.0,manual_eat_hack_2026,EAT Hack,Brain Bar,S008,5
S033,B19,JimJams,Hazelnut Chocolate Spread,Pantry,Sweet spread,condiment,Chocolate; hazelnut,Glass jar,No added sugar; Contains hazelnuts,NO ADDED SUGAR; NATURAL INGREDIENTS; Great Taste,NO ADDED SUGAR → sugar-conscious shoppers; spread format → breakfast/home use.,0,0,0,0,0.0,0.0,0.5,0.0,0.0,0.3,1.0,0.4,0.83,0.15,0.575,0.32,0.575,0.15,0.83,0.49,0.745,0.15,0.8784496861664843,87.8,manual_eat_hack_2026,EAT Hack,Hazelnut Chocolate Spread,S033,6
S042,B26,Blanco Niño,Creamy Jalapeño Tortilla Chips,Snacks,Tortilla chips,savoury,Creamy Jalapeño; savoury/spicy,Snack bag,Vegan; Gluten-free,FULLY RECYCLABLE BAG; VEGAN; GLUTEN-FREE,VEGAN and GLUTEN-FREE → corresponding dietary preferences; FULLY RECYCLABLE BAG → packaging-conscious shoppers.,1,1,0,0,0.0,0.0,0.3,0.0,0.3,1.0,0.5,0.0,0.66,0.15,0.575,0.405,0.15,0.575,0.745,0.15,0.49,1.0,0.8764415288472126,87.6,manual_eat_hack_2026,EAT Hack,Creamy Jalapeño Tortilla Chips,S042,7
S043,B26,Blanco Niño,Chilli & Lime Tortilla Chips,Snacks,Tortilla chips,savoury,Chilli & Lime; savoury/spicy,Snack bag,Vegan; Gluten-free,FULLY RECYCLABLE BAG; VEGAN; GLUTEN-FREE,VEGAN and GLUTEN-FREE → corresponding dietary preferences; FULLY RECYCLABLE BAG → packaging-conscious shoppers.,1,1,0,0,0.0,0.0,0.3,0.0,0.3,1.0,0.5,0.0,0.66,0.15,0.575,0.405,0.15,0.575,0.745,0.15,0.49,1.0,0.8764415288472126,87.6,manual_eat_hack_2026,EAT Hack,Chilli & Lime Tortilla Chips,S043,8
S007,B04,Well & Truly,Thins — Rich Cheddar & Gouda with a Hint of Jalapeño,Snacks,Cheese crackers,savoury,Cheddar; gouda; mild chilli,Snack bag,Gluten-free; Contains milk,30% LESS FAT; DELICIOUS SOURCE OF PROTEIN; GLUTEN FREE; MADE WITH REAL CHEESE; Thoughtfully Thin. Seriously Tasty.,GLUTEN FREE → gluten-free shoppers; SOURCE OF PROTEIN → protein seekers.,0,1,0,0,0.0,0.0,0.3,0.0,0.3,0.6,0.5,0.0,0.745,0.15,0.575,0.405,0.15,0.575,0.745,0.15,0.49,0.15,0.8687589832816176,86.9,manual_eat_hack_2026,EAT Hack,Thins — Rich Cheddar & Gouda with a Hint of Jalapeño,S007,9
S010,B04,Well & Truly,Crunchies — Smokey Paprika,Snacks,Baked corn snacks,savoury,Smokey Paprika; savoury,Snack bag,Gluten-free,40% LESS FAT*; GLUTEN FREE; ALL NATURAL INGREDIENTS; Great Taste,GLUTEN FREE → gluten-free shoppers; less-fat wording → mindful snackers.,0,1,0,0,0.0,0.0,0.3,0.0,0.3,0.6,0.5,0.0,0.745,0.15,0.66,0.405,0.15,0.575,0.745,0.15,0.49,0.15,0.8667424669698519,86.7,manual_eat_hack_2026,EAT Hack,Crunchies — Smokey Paprika,S010,10
S011,B04,Well & Truly,Crunchies — Really Cheesy,Snacks,Baked corn snacks,savoury,Really Cheesy; savoury,Snack bag,Gluten-free,40% LESS FAT*; GLUTEN FREE; ALL NATURAL INGREDIENTS; Great Taste,GLUTEN FREE → gluten-free shoppers; less-fat wording → mindful snackers.,0,1,0,0,0.0,0.0,0.3,0.0,0.3,0.6,0.5,0.0,0.745,0.15,0.66,0.405,0.15,0.575,0.745,0.15,0.49,0.15,0.8667424669698519,86.7,manual_eat_hack_2026,EAT Hack,Crunchies — Really Cheesy,S011,11
S013,B04,Well & Truly,Crunchies — Sea Salt & Cider Vinegar,Snacks,Baked corn snacks,savoury,Sea Salt & Cider Vinegar; savoury,Snack bag,Gluten-free,40% LESS FAT*; GLUTEN FREE; ALL NATURAL INGREDIENTS; 50% LESS SALT*,GLUTEN FREE → gluten-free shoppers; less-fat wording → mindful snackers.,0,1,0,0,0.0,0.0,0.3,0.0,0.3,0.6,0.5,0.0,0.745,0.15,0.66,0.405,0.15,0.575,0.745,0.15,0.49,0.15,0.8667424669698519,86.7,manual_eat_hack_2026,EAT Hack,Crunchies — Sea Salt & Cider Vinegar,S013,12
S016,B08,Dr. Will’s,Avocado Oil Mayo,Pantry,Mayonnaise,condiment,Creamy; savoury,Glass jar,"keto-friendly, sugar-free, seed-oil-free, gluten-free, and dairy-free",ALL NATURAL; GET REAL; Great Taste,ALL NATURAL → ingredient-conscious shoppers; avocado oil mayo → home cooks.,0,1,0,0,0.0,0.0,0.0,0.0,1.0,0.4,0.0,0.4,0.575,0.15,0.83,0.32,0.575,0.15,0.15,0.49,0.745,0.15,0.8549484340776986,85.5,manual_eat_hack_2026,EAT Hack,Avocado Oil Mayo,S016,13
S038,B23,Coco Cubes,Chocolate Coconut Bites,Snacks,Coconut bites,sweet,Coconut; chocolate,Pouch,Vegan; Gluten-free,VEGAN; GLUTEN FREE; REAL COCONUT; JUST 130 KCAL; RECYCLABLE; FOR COCONUT LOVERS; LIL BITES OF SUNSHINE,VEGAN and GLUTEN FREE → dietary preferences; REAL COCONUT → coconut flavour fans.,1,1,0,0,0.0,0.0,0.4,0.0,0.0,0.0,0.8,0.0,0.66,0.15,0.575,0.15,0.15,0.15,0.83,0.405,0.49,0.83,0.8543956518494038,85.4,manual_eat_hack_2026,EAT Hack,Chocolate Coconut Bites,S038,14
S056,B39,SUCSEED,Energy,Pantry,Seed and botanical blend,condiment,Seeds; herbal/earthy (inferred),Resealable pouch,Vegan (brand website),Energy; FOR GREATER VITALITY; KOREAN GINSENG; MACA; NETTLE LEAF; HAWTHORN BERRY,Energy and FOR GREATER VITALITY → vitality positioning; seed blend → meal-topping use. Brand website confirms vegan → plant-based shoppers.,1,0,0,0,0.0,0.6,0.0,0.4,0.9,0.3,0.0,0.0,0.915,0.575,0.15,0.15,0.575,0.15,0.15,0.49,0.745,0.83,0.8528568342809003,85.3,manual_eat_hack_2026,EAT Hack,Energy,S056,15
S024,B14,Lowrise,Lager,Alcoholic drinks,Beer,drink,Lager; hoppy/malty (inferred),Can,Gluten-free; Contains alcohol (4% ABV),LOW CALS; FULL VIBE; 87 CALORIES; 4% ABV; GLUTEN FREE,87 CALORIES → calorie-conscious adult beer drinkers; GLUTEN FREE → gluten-free preference.,0,1,1,1,0.0,0.0,0.0,0.0,0.0,1.0,0.5,0.0,0.745,0.15,0.575,0.15,0.15,0.15,0.575,0.575,0.49,0.15,0.8511069455242293,85.1,manual_eat_hack_2026,EAT Hack,Lager,S024,16
S026,B14,Lowrise,Hazy Pale,Alcoholic drinks,Beer,drink,Hazy Pale; hoppy/malty (inferred),Can,Gluten-free; Contains alcohol (4% ABV),LOW CALS; FULL VIBE; 84 CALORIES; 4% ABV; GLUTEN FREE,84 CALORIES → calorie-conscious adult beer drinkers; GLUTEN FREE → gluten-free preference.,0,1,1,1,0.0,0.0,0.0,0.0,0.0,1.0,0.5,0.0,0.745,0.15,0.575,0.15,0.15,0.15,0.575,0.575,0.49,0.15,0.8511069455242293,85.1,manual_eat_hack_2026,EAT Hack,Hazy Pale,S026,17
S055,B38,FREEE,Organic Banana & Chocolate Oat Bar,Snacks,Oat bar,sweet,Banana; chocolate,Wrapped bar,Organic; Vegan; Gluten-free; Kosher pareve,Organic; Vegan; HIGH FIBRE; KLBD PARVE; Crossed-grain gluten-free symbol,HIGH FIBRE → fibre seekers; Vegan/Organic/gluten-free symbol → dietary preferences.,1,1,0,0,0.0,0.0,0.9,0.0,0.0,0.0,1.0,0.3,0.745,0.15,0.575,0.277,0.66,0.15,0.15,0.15,0.49,0.83,0.8489529652777018,84.9,manual_eat_hack_2026,EAT Hack,Organic Banana & Chocolate Oat Bar,S055,18
S014,B04,Well & Truly,Fudge & Brownie Oat M&lk Chocolate,Confectionery,Chocolate,sweet,Chocolate; fudge; brownie,Boxed bar,Plant-based; Gluten-free,100% PLANT BASED; GLUTEN FREE; ETHICAL & DIRECT TRADE,PLANT BASED and GLUTEN FREE → corresponding dietary preferences; ETHICAL & DIRECT TRADE → ethical shoppers.,1,1,0,0,0.0,0.0,0.0,0.0,0.0,0.3,1.0,0.0,0.66,0.15,0.575,0.15,0.15,0.15,0.83,0.405,0.49,0.915,0.8474113415582241,84.7,manual_eat_hack_2026,EAT Hack,Fudge & Brownie Oat M&lk Chocolate,S014,19
S041,B25,The Original Chicken Crackling,Chicken Salt,Snacks,Chicken crackling,savoury,Chicken salt; savoury; spicy twist,Snack bag,Gluten-free; Low sugar; Contains chicken,With a spicy twist; Low in Sugar!; NO SEED OILS; GLUTEN FREE; Made in the UK using EU chicken,Low in Sugar and GLUTEN FREE → stated dietary preferences; chicken crackling → meat snackers.,0,1,0,0,0.0,0.0,0.3,0.0,0.3,0.6,0.5,0.0,0.83,0.15,0.575,0.15,0.15,0.575,0.575,0.15,0.49,0.15,0.8414199196405074,84.1,manual_eat_hack_2026,EAT Hack,Chicken Salt,S041,20
S025,B15,DASH,Pink Lady Apple Sparkling Water,Drinks,Flavoured sparkling water,drink,Apple; lightly fruity,Can,No sugar; No sweeteners; Zero calories,0 Calories; NO SUGAR; NO SWEETENERS,0 Calories and NO SUGAR → calorie/sugar-conscious shoppers; NO SWEETENERS → sweetener-avoiding preference.,0,0,0,1,1.0,0.4,0.0,0.0,0.0,0.0,0.3,0.0,0.83,0.15,0.575,0.15,0.15,0.66,0.49,0.15,0.49,0.15,0.8384260846860778,83.8,manual_eat_hack_2026,EAT Hack,Pink Lady Apple Sparkling Water,S025,21
S059,B41,iLOVE SNACKS,Sicilian Lemon Pistachios,Snacks,Flavoured nuts,savoury,Pistachio; Sicilian lemon,Snack pouch,Plant-based; Gluten-free; GMO-free; Contains pistachios,PLANT-BASED; GLUTEN FREE; GMO FREE; 146 CALORIES; Great Taste 2025,PLANT-BASED and GLUTEN FREE → dietary preferences; Sicilian Lemon → citrus/nut snack preference.,1,1,0,0,0.0,0.0,0.3,0.0,0.3,0.6,0.5,0.0,0.66,0.15,0.575,0.15,0.49,0.15,0.15,0.15,0.49,0.83,0.8379077044488225,83.8,manual_eat_hack_2026,EAT Hack,Sicilian Lemon Pistachios,S059,22
S001,B01,All That Matters,Superfood Puffs — Peri-Peri,Snacks,Grain puffs,savoury,Spicy peri-peri; savoury,Snack bag,"Gluten-free, non-GMO, and free from artificial preservatives.",Superfood Puffs; Full-power crunch; 107 KCAL per serving,Superfood Puffs and portion calorie wording → shoppers interested in snack nutrition.,0,1,0,0,0.0,0.0,0.8,0.0,0.3,0.6,0.9,0.3,0.745,0.15,0.66,0.405,0.15,0.575,0.745,0.15,0.15,0.15,0.8362216176164862,83.6,manual_eat_hack_2026,EAT Hack,Superfood Puffs — Peri-Peri,S001,23
S060,B02,Simply Roasted,Hot Honey Potato Crisps,Snacks,Potato crisps,savoury,Hot Honey; savoury,Sharing bag,"Gluten-free, vegan, preservative-free, and made without the 14 major allergens",triple cooked potato crisps; 50% less fat*,50% less fat* → shoppers comparing snack fat; larger bag → sharing occasions.,1,1,0,0,0.0,0.0,0.3,0.0,0.3,1.0,0.5,0.0,0.745,0.15,0.66,0.405,0.15,0.575,0.745,0.15,0.15,0.15,0.8362216176164862,83.6,manual_eat_hack_2026,EAT Hack,Hot Honey Potato Crisps,S060,24
S002,B02,Simply Roasted,Black Truffle Potato Crisps,Snacks,Potato crisps,savoury,Black Truffle; savoury,Snack bag,"vegan, gluten-free, dairy-free, and free from major allergens",triple cooked potato crisps; 50% less fat*; 90 kcals; Great Taste,50% less fat* and 90 kcals → shoppers comparing snack fat or portion calories.,1,1,0,0,0.0,0.0,0.8,0.0,0.3,0.6,0.9,0.3,0.745,0.15,0.66,0.405,0.15,0.575,0.745,0.15,0.15,0.15,0.8362216176164862,83.6,manual_eat_hack_2026,EAT Hack,Black Truffle Potato Crisps,S002,25
S004,B02,Simply Roasted,Barbecue Potato Crisps,Snacks,Potato crisps,savoury,Barbecue; savoury,Snack bag,"vegan, gluten-free, dairy-free, and free from major allergens",triple cooked potato crisps; 50% less fat*; 90 kcals; Great Taste,50% less fat* and 90 kcals → shoppers comparing snack fat or portion calories.,1,1,0,0,0.0,0.0,0.8,0.0,0.3,0.6,0.9,0.3,0.745,0.15,0.66,0.405,0.15,0.575,0.745,0.15,0.15,0.15,0.8362216176164862,83.6,manual_eat_hack_2026,EAT Hack,Barbecue Potato Crisps,S004,26
S003,B02,Simply Roasted,Sour Cream & Chive Potato Crisps,Snacks,Potato crisps,savoury,Sour Cream & Chive; savoury,Snack bag,"vegan, gluten-free, dairy-free, and free from major allergens",triple cooked potato crisps; 50% less fat*; 90 kcals; Great Taste,50% less fat* and 90 kcals → shoppers comparing snack fat or portion calories.,1,1,0,0,0.0,0.0,0.8,0.0,0.3,0.6,0.9,0.3,0.745,0.15,0.66,0.405,0.15,0.575,0.745,0.15,0.15,0.15,0.8362216176164862,83.6,manual_eat_hack_2026,EAT Hack,Sour Cream & Chive Potato Crisps,S003,27
S061,B02,Simply Roasted,Sea Salt Potato Crisps,Snacks,Potato crisps,savoury,Sea Salt; savoury,Sharing bag,"Gluten-free, vegan, preservative-free, and made without the 14 major allergens",triple cooked potato crisps; 50% less fat*; Great Taste 2024,50% less fat* → shoppers comparing snack fat; larger bag → sharing occasions.,1,1,0,0,0.0,0.0,0.3,0.0,0.3,1.0,0.5,0.0,0.745,0.15,0.66,0.405,0.15,0.575,0.745,0.15,0.15,0.15,0.8362216176164862,83.6,manual_eat_hack_2026,EAT Hack,Sea Salt Potato Crisps,S061,28
S067,B46,Mission,Lemon & Ginseng Natural Energy Drink,Drinks,Tea-based energy drink,drink,Lemon; ginseng; green tea,Multipack of cans,No sugar; No sweeteners; Contains caffeine,"The world’s cleanest energy drink; NATURAL ENERGY & NOTHING ELSE; No sugar. No sweetener.; Low, slow-release caffeine; Added vitamins + nootropics; WITH GREEN TEA; AVOID THE CRASH",NATURAL ENERGY and nootropics → energy/focus positioning; No sugar → sugar-conscious shoppers.,0,0,0,1,1.0,0.0,1.0,0.5,0.0,0.0,0.3,0.0,0.83,0.49,0.575,0.15,0.15,0.745,0.66,0.15,0.15,0.15,0.8331746518950254,83.3,manual_eat_hack_2026,EAT Hack,Lemon & Ginseng Natural Energy Drink,S067,29
S063,B43,Fever-Tree,Refreshingly Light Elderflower Tonic Water,Drinks,Tonic mixer,drink,Floral; subtly sweet; gentle bitterness,Multipack of cans,Low calorie; No artificial sweeteners,Refreshingly Light; LOW IN CALORIES; NO ARTIFICIAL SWEETENERS; FLORAL & SUBTLY SWEET; 18kcal per 100ml,LOW IN CALORIES → calorie-conscious shoppers; floral flavour → floral-drink preference.,0,0,0,1,1.0,0.0,0.0,0.0,0.5,0.7,0.6,0.0,0.745,0.575,0.15,0.15,0.66,0.15,0.15,0.83,0.49,0.15,0.8331189674523605,83.3,manual_eat_hack_2026,EAT Hack,Refreshingly Light Elderflower Tonic Water,S063,30
S022,B12,ChariTea,Mate Sparkling,Drinks,Sparkling yerba mate tea,drink,Yerba mate; lemon; orange,Can,Organic,Organic iced yerba mate tea; real-brewed and gently sparkling; Beyond fair trade; ChariTea. Drinking helps.,Beyond fair trade and foundation support → ethical shoppers; organic mate → tea drinkers.,0,0,0,1,1.0,0.3,0.0,0.3,0.0,0.0,0.6,0.0,0.575,0.15,0.575,0.15,0.66,0.15,0.15,0.15,0.575,0.915,0.8299908583566535,83.0,manual_eat_hack_2026,EAT Hack,Mate Sparkling,S022,31
S068,B47,Ombar,Pistachio Cream — 60% Dark Chocolate,Confectionery,Filled dark chocolate,sweet,Dark chocolate; pistachio cream,Wrapped bar,Organic; Contains pistachios,ORGANIC; ALL NATURAL; 60% DARK CHOCOLATE,ORGANIC → organic shoppers; 60% dark chocolate and pistachio cream → chocolate flavour preference.,0,0,0,0,0.0,0.0,0.0,0.0,0.0,0.3,1.0,0.0,0.575,0.15,0.15,0.15,0.66,0.15,0.83,0.405,0.15,0.745,0.8290151710460002,82.9,manual_eat_hack_2026,EAT Hack,Pistachio Cream — 60% Dark Chocolate,S068,32
S023,B13,mindfuel flow,Mushroom Iced Latte — Salted Caramel,Drinks,Functional iced latte,drink,Salted caramel; creamy,Can,Vegan; Caffeine-free; No added sugar,FOCUS & CLARITY; lion’s mane-infused; caffeine-free; naturally sweetened and flavoured; VEGAN; NO ADDED SUGAR,FOCUS & CLARITY → focus positioning; caffeine-free → caffeine reducers; VEGAN → plant-based shoppers.,1,0,0,1,1.0,0.0,0.9,1.0,0.4,0.0,0.3,0.0,0.83,0.49,0.575,0.15,0.15,0.66,0.15,0.15,0.15,0.83,0.8270144881928483,82.7,manual_eat_hack_2026,EAT Hack,Mushroom Iced Latte — Salted Caramel,S023,33
S017,B08,Dr. Will’s,Buffalo Hot Sauce,Pantry,Hot sauce,condiment,Hot buffalo-style; tangy,Glass bottle,gluten-free and suitable for vegans,ALL NATURAL; HOT; GET REAL,HOT → spice lovers; ALL NATURAL → ingredient-conscious shoppers.,1,1,0,0,0.0,0.0,0.0,0.0,1.0,0.4,0.0,0.4,0.15,0.49,0.15,0.32,0.575,0.15,0.15,0.83,0.745,0.15,0.823747301461295,82.4,manual_eat_hack_2026,EAT Hack,Buffalo Hot Sauce,S017,34
S045,B28,The Curators,Pork Puffs — Smoky Bacon,Snacks,Pork puffs,functional,Smoky bacon; savoury,Snack bag,Contains pork,HIGH PROTEIN CRISPS; 18G PROTEIN; 1G CARBS; 133 CALORIES,18G PROTEIN → protein seekers; 1G CARBS → carb-conscious shoppers.,0,0,0,0,0.0,0.8,0.9,0.0,0.3,0.6,0.5,0.0,0.745,0.15,0.15,0.15,0.15,0.575,0.575,0.15,0.49,0.15,0.8234468522914724,82.3,manual_eat_hack_2026,EAT Hack,Pork Puffs — Smoky Bacon,S045,35
S070,B49,NOMO,Caramel Choc Bar,Confectionery,Filled chocolate alternative,sweet,Chocolate; caramel,Wrapped bar,Plant-based; Dairy-free; Gluten-free; Nut-free; Egg-free,PLANT-POWERED; DAIRY FREE; GLUTEN FREE; NUT FREE; EGG FREE; NO MISSING OUT,PLANT-POWERED and named free-from claims → plant-based/free-from shoppers.,1,1,0,0,0.0,0.0,0.0,0.0,0.0,0.3,1.0,0.0,0.66,0.15,0.745,0.15,0.15,0.15,0.83,0.405,0.15,0.83,0.8202098693613226,82.0,manual_eat_hack_2026,EAT Hack,Caramel Choc Bar,S070,36
S037,B22,Double ‘D’,Savvy Sweets Sour Bears,Confectionery,Gummy sweets,sweet,Sour raspberry and blueberry,Pouch,Plant-based; No added sugar,NO SUGAR ADDED; PLANT BASED; PREBIOTIC FIBRE; NATURAL COLOURS & FLAVOURS; 75 CALORIES / BAG; AUSTRALIAN MADE,NO SUGAR ADDED → sugar-conscious shoppers; PLANT BASED → plant-based shoppers; PREBIOTIC FIBRE → fibre interest.,1,0,0,0,0.0,0.0,0.0,0.0,0.0,0.3,1.0,0.0,0.83,0.15,0.575,0.15,0.15,0.15,0.83,0.405,0.15,0.83,0.8157303583791475,81.6,manual_eat_hack_2026,EAT Hack,Savvy Sweets Sour Bears,S037,37
S020,B10,ötzibrew,Organic Dandelion & Burdock Root Coffee Alternative,Pantry,Coffee alternative,drink,Dandelion and burdock root; earthy (inferred),Dry drink blend in tub,Organic,"Organic; Coffee Alternative; like coffee, but better.",Coffee Alternative → shoppers seeking an alternative coffee ritual.,0,0,0,0,0.0,0.3,0.4,0.8,0.4,0.0,0.4,0.0,0.66,0.575,0.15,0.15,0.66,0.15,0.15,0.15,0.15,0.745,0.8133929619382071,81.3,manual_eat_hack_2026,EAT Hack,Organic Dandelion & Burdock Root Coffee Alternative,S020,38
S069,B48,Mr Filbert’s,Teriyaki Mochi Rice Bites,Snacks,Rice crackers,savoury,Teriyaki; sweet-savoury,Resealable pouch,"suitable for vegetarians, and gluten-free, though they contain soybean as an allergen",Japanese Inspired; NATURALLY DELICIOUS; Deliciously Crunchy,Japanese Inspired and teriyaki → flavour explorers; Deliciously Crunchy → texture preference.,0,1,0,0,0.0,0.0,0.3,0.0,0.3,1.0,0.5,0.0,0.15,0.15,0.15,0.405,0.575,0.575,0.745,1.0,0.15,0.15,0.8116922069044662,81.2,manual_eat_hack_2026,EAT Hack,Teriyaki Mochi Rice Bites,S069,39
S027,B16,Pentire,Coastal Spritz,Drinks,Non-alcoholic aperitif,drink,Blood orange; sea rosemary; oakwood,Ready-to-drink can,Non-alcoholic,NON-ALCOHOLIC APERITIF; Distilled Coastal Botanicals,NON-ALCOHOLIC APERITIF → alcohol-free social occasions.,0,0,0,1,1.0,0.0,0.0,0.0,0.0,1.0,0.8,0.0,0.66,0.66,0.15,0.15,0.66,0.15,0.15,0.745,0.15,0.15,0.8111877441369388,81.1,manual_eat_hack_2026,EAT Hack,Coastal Spritz,S027,40
S066,B45,Penrhos,Handcrafted Dry Gin,Alcoholic drinks,Gin,drink,Dry gin; blueberry botanical cue,Aluminium bottle,Contains alcohol,HANDCRAFTED; 100% RECYCLED ALUMINIUM; imperfectly perfect blueberries; REUSE REFILL RECYCLE,REUSE REFILL RECYCLE and recycled aluminium → packaging/reuse preference; HANDCRAFTED → craft-spirit interest.,0,0,1,1,0.0,0.0,0.0,0.0,0.5,1.0,0.8,0.0,0.15,0.575,0.49,0.15,0.745,0.15,0.15,0.83,0.15,1.0,0.8111722194050711,81.1,manual_eat_hack_2026,EAT Hack,Handcrafted Dry Gin,S066,41
S009,B06,Kooky,Gently Dried Chewy Mango,Snacks,Dried fruit,sweet,Sweet tropical mango,Snack pouch,No sulphites,Pretty Unique Fruit; 100% Natural; Only 51 calories; No Sulfites; Nothing Artificial; Certified B Corporation; 1% for the Planet; Great Taste 2024,Only 51 calories → portion-conscious shoppers; Nothing Artificial → ingredient-conscious shoppers; B Corp/1% for the Planet → values-led shoppers.,0,0,0,0,0.2,0.0,0.8,0.0,0.0,0.0,1.0,0.0,0.745,0.15,0.66,0.405,0.15,0.15,0.15,0.15,0.49,1.0,0.8081065316022953,80.8,manual_eat_hack_2026,EAT Hack,Gently Dried Chewy Mango,S009,42
S050,B33,Goodrays,Raspberry & Guava CBD Drink,Drinks,CBD sparkling drink,drink,Raspberry; guava,Can,Contains CBD; No added sugar; Low calorie,NO ARTIFICIAL SWEETENERS; NO ADDED SUGAR & LOW CALORIE; HIGH IN VITAMIN D; CBD,CBD → adult CBD interest; NO ADDED SUGAR & LOW CALORIE → sugar/calorie-conscious shoppers.,0,0,1,1,1.0,0.6,0.0,0.4,0.3,0.0,0.3,0.0,0.83,0.66,0.575,0.15,0.15,0.15,0.15,0.15,0.49,0.15,0.8072334500785557,80.7,manual_eat_hack_2026,EAT Hack,Raspberry & Guava CBD Drink,S050,43
S035,B20,The London Essence Co.,Original Indian Tonic Water,Drinks,Tonic mixer,drink,Bright; citrus; crisp,Can,Suitable for vegans and vegetarians.,BRIGHT; CITRUS; CRISP,"BRIGHT, CITRUS, CRISP → citrus-flavour preference; tonic format → mixing.",1,0,0,1,1.0,0.0,0.0,0.0,0.5,0.7,0.6,0.0,0.15,0.575,0.15,0.15,0.66,0.15,0.405,0.83,0.15,0.15,0.8049917269805117,80.5,manual_eat_hack_2026,EAT Hack,Original Indian Tonic Water,S035,44
S034,B16,Pentire,Adrift,Drinks,Non-alcoholic spirit alternative,drink,Herbaceous; rock samphire; headland sage; lemon citrus,Glass bottle,Non-alcoholic,Herbaceous & Fresh; DISTILLED COASTAL BOTANICALS; NON-ALCOHOLIC,NON-ALCOHOLIC → alcohol-free socialising; botanical spirit alternative → home mixing.,0,0,0,1,0.0,0.0,0.0,0.0,0.5,1.0,0.8,0.0,0.66,0.66,0.15,0.15,0.66,0.15,0.15,0.83,0.15,0.15,0.8037222773713729,80.4,manual_eat_hack_2026,EAT Hack,Adrift,S034,45
S051,B34,Little’s,Toffee Nut Flavour Infused Instant Coffee,Pantry,Instant coffee,drink,Toffee; nut-style flavour; rich and smooth,Glass jar,No added sugar,NO ADDED SUGAR; FLAVOUR INFUSED INSTANT COFFEE; RICH AND SMOOTH,NO ADDED SUGAR → sugar-conscious coffee drinkers; Toffee Nut → flavoured-coffee preference.,0,0,0,0,0.0,0.3,0.7,0.9,0.0,0.0,0.4,0.0,0.83,0.15,0.575,0.15,0.15,0.745,0.15,0.15,0.49,0.15,0.8013882199922481,80.1,manual_eat_hack_2026,EAT Hack,Toffee Nut Flavour Infused Instant Coffee,S051,46
S062,B42,Root Tea,Lemon Tea Blend,Pantry,Loose-leaf herbal tea,drink,Lemon; liquorice; chrysanthemum; goji berry,Resealable pouch,naturally caffeine-free,AIDS DIGESTION; DETOXES THE LIVER; IMPROVES HEART HEALTH; SUPPORTS EYE HEALTH,Health-oriented package wording → wellness interest only; do not infer a medical condition or treatment benefit.,0,0,0,0,0.3,1.0,0.0,0.4,0.3,0.0,0.3,0.0,0.915,0.575,0.575,0.15,0.15,0.15,0.15,0.15,0.575,0.15,0.7983534147744282,79.8,manual_eat_hack_2026,EAT Hack,Lemon Tea Blend,S062,47
S032,B17,Gut Food / Ferment Fizz,Lemon Lemonade,Drinks,Fermented lemonade,drink,Lemon; fruity/tart,Glass bottle,Low sugar,Digestive Wellness; prebiotic; low sugar,Digestive Wellness and prebiotic → gut-wellness positioning; this is not confirmation of a health effect.,0,0,0,1,1.0,0.6,0.0,0.4,0.3,0.0,0.3,0.0,0.915,0.575,0.575,0.15,0.15,0.15,0.15,0.66,0.15,0.15,0.7966411161584998,79.7,manual_eat_hack_2026,EAT Hack,Lemon Lemonade,S032,48
S005,B03,The Protein Ball Co.,Salted Caramel Protein Balls,Snacks,Protein balls,functional,Sweet salted caramel,Pouch,Plant-based; No added sugar,PLANT-BASED; 10G HIGH PROTEIN; NO ADDED SUGAR*; NO ADDED JUNK*,10G HIGH PROTEIN → protein seekers; PLANT-BASED → plant-based shoppers; NO ADDED SUGAR → sugar-conscious shoppers.,1,0,0,0,0.0,1.0,0.9,0.0,0.0,0.0,0.8,0.0,0.83,0.15,0.575,0.15,0.15,0.575,0.15,0.15,0.15,0.83,0.7950110128702099,79.5,manual_eat_hack_2026,EAT Hack,Salted Caramel Protein Balls,S005,49
S018,B09,EP!C Snax Co.,Plant Power Toastin’ Marshmallows,Confectionery,Marshmallows,sweet,Sweet; exact flavour not stated,Sharing bag,Vegan,PLANT POWER; TOASTIN’; AMERICAN STYLE; Vegan; NATURAL INGREDIENTS,PLANT POWER and Vegan → plant-based shoppers; TOASTIN’ → outdoor/social occasions.,1,0,0,0,0.0,0.0,0.0,0.0,0.0,1.0,1.0,0.0,0.66,0.15,0.15,0.15,0.15,0.15,0.83,0.745,0.15,0.83,0.792314141859418,79.2,manual_eat_hack_2026,EAT Hack,Plant Power Toastin’ Marshmallows,S018,50
S039,B24,teapigs,Super Fruit,Pantry,Loose-leaf fruit and herbal infusion,drink,Berries; hibiscus; tart fruit,Resealable tea pouch,Naturally caffeine-free,"naturally caffeine-free; bursting with berries; Natural, with no artificial flavourings; ethical tea partnership; All our packs give back",naturally caffeine-free → caffeine reducers; give-back wording → ethical shoppers.,0,0,0,0,0.3,0.4,0.3,0.3,0.0,0.0,0.6,0.0,0.745,0.15,0.575,0.15,0.15,0.15,0.15,0.15,0.575,0.915,0.7922856268065284,79.2,manual_eat_hack_2026,EAT Hack,Super Fruit,S039,51
S054,B37,neat sweets,Fruity Berries,Confectionery,Gummy sweets,sweet,Mixed berries,Pouch,"vegan, gluten-free, low-sugar (1.6g of sugar per 50g bag), and high in dietary fibre",HIGH FIBRE; 95% LESS SUGAR*; LESS THAN 2g SUGAR PER BAG; GUILT FREE CANDY,LESS THAN 2g SUGAR PER BAG → sugar-conscious shoppers; HIGH FIBRE → fibre interest.,1,1,0,0,0.0,0.0,0.0,0.0,0.0,0.3,1.0,0.0,0.83,0.15,0.575,0.15,0.15,0.15,0.83,0.405,0.15,0.15,0.7900085186765861,79.0,manual_eat_hack_2026,EAT Hack,Fruity Berries,S054,52
S044,B27,Saucerer,Pasta Sauce — Wild Mushroom & Truffle,Pantry,Pasta sauce,condiment,Earthy mushroom; truffle,Glass jar,"vegan, vegetarian, dairy-free, and gluten-free",NO NASTIES; SIMPLY STIR IN TO PASTA; SERVES THREE,SIMPLY STIR IN TO PASTA → convenience seekers; mushroom/truffle → flavour explorers.,1,1,0,0,0.0,0.0,0.0,0.0,0.7,0.0,0.0,1.0,0.15,0.15,0.15,0.575,0.575,0.15,0.15,1.0,0.745,0.15,0.7828645612787336,78.3,manual_eat_hack_2026,EAT Hack,Pasta Sauce — Wild Mushroom & Truffle,S044,53
S006,B03,The Protein Ball Co.,Original Peanut Butter Protein Balls,Snacks,Protein balls,functional,Peanut butter; nutty,Pouch,Contains peanuts; No added sugar,10G HIGH PROTEIN; NO ADDED SUGAR; NO ADDED JUNK,10G HIGH PROTEIN → protein seekers; NO ADDED SUGAR → sugar-conscious shoppers.,0,0,0,0,0.0,1.0,0.9,0.0,0.0,0.0,0.8,0.0,0.83,0.15,0.575,0.15,0.15,0.575,0.15,0.15,0.15,0.15,0.7799409075546075,78.0,manual_eat_hack_2026,EAT Hack,Original Peanut Butter Protein Balls,S006,54
S047,B30,Ottolenghi,Miso Pesto,Pantry,Pesto,condiment,Umami miso; caramelised onion; spinach; pine kernels,Glass jar,Contains pine kernels,fold through pasta & noodles; spoon over fish & veg; top flatbreads,Recipe-use wording → convenient meal preparation; miso pesto → flavour explorers.,0,0,0,0,0.0,0.0,0.0,0.0,1.0,0.0,0.0,0.7,0.15,0.15,0.15,0.448,0.575,0.15,0.15,1.0,0.745,0.15,0.7784613259888636,77.8,manual_eat_hack_2026,EAT Hack,Miso Pesto,S047,55
S036,B21,Double Dutch,Indian Tonic Water,Drinks,Tonic mixer,drink,Botanical; bittersweet (inferred),Glass bottle,Allergen-free and suitable for typical vegetarian/vegan dietary preferences,NATURALLY DELICIOUS; PREMIUM MIXERS,PREMIUM MIXERS → cocktail/mixing interest.,1,0,0,1,1.0,0.0,0.0,0.0,0.5,0.7,0.6,0.0,0.15,0.575,0.15,0.15,0.66,0.15,0.15,0.83,0.15,0.15,0.7759443023718552,77.6,manual_eat_hack_2026,EAT Hack,Indian Tonic Water,S036,56
S031,B18,Navas,Fiery Ginger Beer,Drinks,Ginger beer mixer,drink,Spicy ginger,Glass bottle,"suitable for vegans, vegetarians, and gluten-free diets",PREMIUM BOTANICAL MIXERS; BOLD & FULL BODIED,Fiery Ginger and BOLD & FULL BODIED → bold/spicy flavour preference.,1,1,0,1,1.0,0.0,0.0,0.0,0.5,0.7,0.6,0.0,0.15,0.575,0.15,0.15,0.66,0.15,0.15,0.83,0.15,0.15,0.7759443023718552,77.6,manual_eat_hack_2026,EAT Hack,Fiery Ginger Beer,S031,57
S030,B18,Navas,Original Tonic Water,Drinks,Tonic mixer,drink,Botanical; bittersweet (inferred),Glass bottle,"suitable for vegans, vegetarians, and gluten-free diets",PREMIUM BOTANICAL MIXERS; BEAUTIFULLY BALANCED,PREMIUM BOTANICAL MIXERS → cocktail and botanical-drink interests.,1,1,0,1,1.0,0.0,0.0,0.0,0.5,0.7,0.6,0.0,0.15,0.575,0.15,0.15,0.66,0.15,0.15,0.83,0.15,0.15,0.7759443023718552,77.6,manual_eat_hack_2026,EAT Hack,Original Tonic Water,S030,58
S064,B44,Folc,English Sparkling Rosé NV,Alcoholic drinks,Sparkling rosé wine,drink,Rosé; sparkling; exact tasting notes not visible,Glass wine bottle,Contains alcohol,English Sparkling Rosé NV,English Sparkling Rosé → wine/celebration and provenance interests.,0,0,1,1,0.0,0.0,0.0,0.0,0.0,1.0,1.0,0.0,0.15,0.15,0.15,0.15,0.745,0.15,0.15,0.575,0.15,0.15,0.7720615338446096,77.2,manual_eat_hack_2026,EAT Hack,English Sparkling Rosé NV,S064,59
S065,B44,Folc,Dry English Rosé,Alcoholic drinks,Still rosé wine,drink,Dry; crisp; fresh,Glass wine bottle,Contains alcohol,Dry English Rosé; CRISPER; FRESHER; BRIGHTER,Dry English Rosé and CRISPER/FRESHER/BRIGHTER → dry/fresh wine preference.,0,0,1,1,0.0,0.0,0.0,0.0,0.5,1.0,0.5,0.0,0.15,0.15,0.15,0.15,0.745,0.15,0.15,0.575,0.15,0.15,0.7720615338446096,77.2,manual_eat_hack_2026,EAT Hack,Dry English Rosé,S065,60
S040,B03,The Protein Ball Co.,Stuffed — Matcha & Vanilla,Snacks,Filled protein balls,functional,Matcha; vanilla,Pouch,"100% plant-based, vegan, and naturally gluten-free, with no added sugar, artificial sweeteners, or emulsifiers",STUFFED; MATCHA & VANILLA,Protein Ball branding → protein snack interest; MATCHA & VANILLA → matcha flavour preference.,1,1,0,0,0.0,0.8,1.0,0.0,0.0,0.0,0.8,0.0,0.745,0.83,0.15,0.15,0.15,0.575,0.15,0.15,0.15,0.15,0.7688340624308646,76.9,manual_eat_hack_2026,EAT Hack,Stuffed — Matcha & Vanilla,S040,61
S057,B11,OOM,Calm,Drinks,Functional sparkling drink,drink,Lime; mint; rosemary,Can,"vegan, gluten-free, and low-sugar functional sparkling drink",Calm; Lightly sparkling; Reishi; Vitamin B Complex; L-Theanine; Lemon Balm,Calm and named botanicals → wind-down positioning.,1,1,0,1,1.0,0.5,0.0,0.0,0.0,0.0,0.6,0.0,0.915,0.575,0.15,0.15,0.15,0.15,0.15,0.15,0.49,0.15,0.7654752965582979,76.5,manual_eat_hack_2026,EAT Hack,Calm,S057,62
S058,B40,sleep toniq,Sleep Toniq,Drinks,Botanical wellness drink,drink,Chamomile; apple cider vinegar; blossom honey; orange,Can,Contains honey (not vegan),sleep toniq; Chamomile Flower; Apple Cider Vinegar; Blossom Honey; Orange,sleep toniq → bedtime/wind-down positioning.,1,0,0,1,0.0,0.5,0.0,0.0,0.0,0.0,0.3,0.0,0.915,0.575,0.15,0.15,0.15,0.15,0.15,0.15,0.49,0.15,0.7654752965582979,76.5,manual_eat_hack_2026,EAT Hack,Sleep Toniq,S058,63
S028,B17,Gut Food / Ferment Fizz,Orange & Mango Lemonade,Drinks,Fermented lemonade,drink,Orange & Mango; fruity/tart,Glass bottle,"vegan-friendly, plant-based, and free from artificial sweeteners, flavorings, extracts, concentrates, and citric acid",Digestive Wellness; prebiotic,Digestive Wellness and prebiotic → gut-wellness positioning; this is not confirmation of a health effect.,1,0,0,1,1.0,0.6,0.0,0.4,0.3,0.0,0.3,0.0,0.915,0.575,0.15,0.15,0.15,0.15,0.15,0.66,0.15,0.15,0.7623700632047845,76.2,manual_eat_hack_2026,EAT Hack,Orange & Mango Lemonade,S028,64
S029,B17,Gut Food / Ferment Fizz,Lemon & Raspberry Lemonade,Drinks,Fermented lemonade,drink,Lemon & Raspberry; fruity/tart,Glass bottle,"suitable for vegans, free from artificial sweeteners, flavorings, extracts, concentrates, and citric acid, and packed with 4.5g of prebiotic fibre",Digestive Wellness; prebiotic,Digestive Wellness and prebiotic → gut-wellness positioning; this is not confirmation of a health effect.,1,0,0,1,1.0,0.6,0.0,0.4,0.3,0.0,0.3,0.0,0.915,0.575,0.15,0.15,0.15,0.15,0.15,0.66,0.15,0.15,0.7623700632047845,76.2,manual_eat_hack_2026,EAT Hack,Lemon & Raspberry Lemonade,S029,65
S049,B32,ape2o,GO Steel Bottle — Turtle,Accessories,Reusable drinkware,other,Not applicable,Boxed steel bottle,Not applicable,Stays cold. Stays hot.; WATER WITHOUT PLASTIC,WATER WITHOUT PLASTIC → reuse preference; Stays cold/Stays hot → portable drink needs.,0,0,0,0,1.0,0.0,0.0,0.0,0.0,0.0,0.0,0.8,0.15,0.15,0.49,0.49,0.15,1.0,0.15,0.15,0.15,1.0,0.7584894999127361,75.8,manual_eat_hack_2026,EAT Hack,GO Steel Bottle — Turtle,S049,66
S019,B09,EP!C Snax Co.,Giant Toastin’ Marshmallows,Confectionery,Marshmallows,sweet,Sweet; exact flavour not stated,Sharing bag,gluten free dairy free,GIANT; TOASTIN’; AMERICAN STYLE; PERFECT FOR THE BBQ,TOASTIN’ and PERFECT FOR THE BBQ → outdoor/social occasions.,0,1,0,0,0.0,0.0,0.0,0.0,0.0,1.0,1.0,0.0,0.15,0.15,0.15,0.15,0.15,0.15,0.83,0.745,0.15,0.15,0.7359062584859833,73.6,manual_eat_hack_2026,EAT Hack,Giant Toastin’ Marshmallows,S019,67
S021,B11,OOM,Balance,Drinks,Functional sparkling drink,drink,Peach; blood orange; hops,Can,"vegan, gluten-free, and low-sugar functional sparkling drink",Balance; Lightly sparkling; Chaga; Vitamin B Complex; L-Tyrosine; Ashwagandha,Balance and named botanical ingredients → wellness positioning. No effect on mood is established by the photo.,1,1,0,1,1.0,0.6,0.0,0.4,0.3,0.0,0.3,0.0,0.915,0.575,0.15,0.15,0.15,0.15,0.15,0.15,0.15,0.15,0.7323543700306253,73.2,manual_eat_hack_2026,EAT Hack,Balance,S021,68
S052,B35,WelleCo,The Hydro Protein Elixir — Passionfruit,Wellness,Protein drink powder,functional,Passionfruit,Single powder sachet,"a vegan, water-soluble protein powder designed to provide a light, refreshing alternative to heavy protein shakes with added electrolytes and a beauty blend",CLEAR PROTEIN; DIETARY SUPPLEMENT; FOOD SUPPLEMENT,CLEAR PROTEIN → protein/fitness interest.,1,0,0,0,0.4,1.0,0.8,0.0,0.0,0.0,0.3,0.0,0.915,0.15,0.15,0.15,0.15,0.575,0.15,0.15,0.15,0.15,0.7323543700306252,73.2,manual_eat_hack_2026,EAT Hack,The Hydro Protein Elixir — Passionfruit,S052,69
S046,B29,Love Hemp,Sours Calm — Sour Orange CBD Gummies,Wellness,CBD gummies,functional,Sour orange,Resealable pouch,Contains CBD,SOURS; CALM; SOUR ORANGE CBD GUMMIES; 60 x 10MG CBD GUMMIES,CALM → wind-down positioning; CBD → adult CBD interest.,0,0,1,0,0.0,0.5,0.0,0.0,0.0,0.0,0.3,0.0,0.915,0.66,0.15,0.15,0.15,0.15,0.15,0.15,0.15,0.15,0.7277215839560836,72.8,manual_eat_hack_2026,EAT Hack,Sours Calm — Sour Orange CBD Gummies,S046,70
